user_id,movie_id,rating,genre
391,77,4,Romance
542,33,5,Romance
882,2,1,Action
699,69,3,Action
788,83,3,Horror
115,38,4,Comedy
162,59,1,Horror
977,93,3,Comedy
996,65,2,Adventure
520,14,3,Sci-Fi
862,82,5,Drama
624,26,2,Drama
383,98,2,Adventure
553,100,5,Adventure
941,1,5,Comedy
332,63,1,Drama
115,47,3,Horror
246,8,2,Comedy
900,73,1,Adventure
88,94,4,Action
836,9,5,Adventure
785,17,2,Adventure
676,61,5,Drama
170,34,5,Romance
894,78,4,Sci-Fi
988,28,5,Romance
774,94,2,Action
731,40,4,Comedy
688,84,3,Drama
449,67,4,Sci-Fi
124,32,2,Comedy
66,44,1,Comedy
603,71,2,Action
603,29,1,Comedy
73,91,1,Drama
235,9,1,Adventure
881,43,1,Sci-Fi
527,31,3,Adventure
686,63,2,Drama
553,17,5,Adventure
591,61,2,Drama
804,61,4,Drama
195,13,1,Sci-Fi
675,56,3,Romance
434,53,4,Documentary
885,94,1,Action
690,84,1,Drama
63,52,3,Horror
820,14,2,Sci-Fi
197,25,5,Horror
460,18,4,Sci-Fi
188,36,4,Action
256,10,4,Action
828,71,1,Action
52,84,5,Drama
857,2,1,Action
949,97,2,Drama
171,53,4,Documentary
493,28,4,Romance
925,8,2,Comedy
389,1,4,Comedy
272,59,3,Horror
434,90,5,Sci-Fi
678,92,4,Documentary
159,25,3,Horror
223,8,5,Comedy
754,70,1,Sci-Fi
766,41,1,Horror
52,75,4,Comedy
515,68,2,Romance
59,66,1,Horror
872,24,1,Romance
610,9,2,Adventure
414,16,5,Sci-Fi
253,75,5,Comedy
41,80,1,Adventure
430,85,5,Sci-Fi
579,67,3,Sci-Fi
958,34,2,Romance
686,92,3,Documentary
245,34,4,Romance
135,86,3,Horror
469,41,1,Horror
10,59,5,Horror
577,13,1,Sci-Fi
551,28,5,Romance
272,17,3,Adventure
903,9,2,Adventure
379,37,2,Documentary
449,70,3,Sci-Fi
627,84,5,Drama
9,86,5,Horror
307,85,1,Sci-Fi
962,18,3,Sci-Fi
119,14,5,Sci-Fi
160,35,3,Horror
620,27,3,Sci-Fi
209,88,3,Adventure
518,63,3,Drama
928,7,1,Comedy
650,55,3,Drama
46,1,3,Comedy
790,17,3,Adventure
166,95,4,Comedy
565,91,4,Drama
575,2,1,Action
78,89,2,Romance
559,5,3,Sci-Fi
597,71,2,Action
441,17,1,Adventure
316,47,1,Horror
921,46,2,Sci-Fi
699,32,1,Comedy
363,100,5,Adventure
906,53,5,Documentary
768,20,2,Horror
886,21,2,Action
903,53,1,Documentary
184,95,3,Comedy
802,53,2,Documentary
274,21,1,Action
392,5,4,Sci-Fi
228,26,4,Drama
359,40,2,Comedy
229,4,2,Sci-Fi
409,43,3,Sci-Fi
886,9,3,Adventure
360,83,5,Horror
410,87,5,Adventure
340,4,1,Sci-Fi
899,34,2,Romance
595,34,1,Romance
112,77,4,Romance
354,94,3,Action
447,78,5,Sci-Fi
119,50,5,Comedy
195,33,1,Romance
726,56,1,Romance
533,69,2,Action
373,56,1,Romance
972,86,3,Horror
639,41,1,Horror
738,39,5,Adventure
317,86,4,Horror
335,52,3,Horror
568,17,2,Adventure
431,86,4,Horror
694,96,2,Drama
631,73,3,Adventure
416,71,1,Action
312,37,2,Documentary
441,75,5,Comedy
671,42,4,Romance
453,57,2,Romance
524,61,2,Drama
675,11,3,Action
528,85,5,Sci-Fi
344,12,2,Comedy
689,40,2,Comedy
826,26,2,Drama
26,6,2,Drama
487,79,1,Documentary
467,54,5,Romance
200,92,4,Documentary
507,52,2,Horror
152,84,1,Drama
915,97,1,Drama
798,55,2,Drama
181,90,5,Sci-Fi
476,7,5,Comedy
256,16,4,Sci-Fi
137,60,5,Comedy
573,77,3,Romance
973,97,4,Drama
628,93,5,Comedy
437,71,4,Action
919,21,4,Action
461,34,2,Romance
861,82,3,Drama
785,100,5,Adventure
497,81,2,Documentary
282,57,1,Romance
731,37,2,Documentary
279,43,3,Sci-Fi
915,70,1,Sci-Fi
142,20,2,Horror
393,89,2,Romance
724,28,1,Romance
425,53,3,Documentary
556,60,4,Comedy
64,27,4,Sci-Fi
399,99,5,Comedy
969,90,1,Sci-Fi
878,98,5,Adventure
390,62,1,Sci-Fi
966,46,3,Sci-Fi
772,50,4,Comedy
552,96,5,Drama
820,78,2,Sci-Fi
500,29,3,Comedy
447,63,1,Drama
399,44,4,Comedy
742,22,4,Drama
942,17,5,Adventure
547,4,4,Sci-Fi
607,73,1,Adventure
86,83,4,Horror
139,60,2,Comedy
52,34,4,Romance
336,28,4,Romance
335,44,4,Comedy
285,97,4,Drama
259,11,4,Action
20,96,5,Drama
54,45,2,Action
666,9,1,Adventure
773,4,2,Sci-Fi
205,3,5,Horror
157,31,2,Adventure
485,86,1,Horror
578,28,4,Romance
717,33,3,Romance
172,78,5,Sci-Fi
987,96,1,Drama
797,21,3,Action
111,75,1,Comedy
952,40,5,Comedy
694,49,4,Sci-Fi
965,92,2,Documentary
78,76,2,Sci-Fi
105,90,3,Sci-Fi
871,88,5,Adventure
825,16,5,Sci-Fi
802,6,3,Drama
546,55,3,Drama
71,65,3,Adventure
13,54,4,Romance
109,56,3,Romance
651,59,2,Horror
446,23,5,Adventure
989,84,3,Drama
631,69,4,Action
477,56,5,Romance
275,42,2,Romance
851,12,3,Comedy
903,58,2,Sci-Fi
769,60,5,Comedy
625,86,4,Horror
345,4,4,Sci-Fi
872,42,2,Romance
500,28,3,Romance
817,34,3,Romance
287,77,3,Romance
570,2,5,Action
971,25,1,Horror
248,93,4,Comedy
501,72,2,Romance
708,61,4,Drama
459,3,1,Horror
302,29,4,Comedy
709,32,3,Comedy
680,75,3,Comedy
485,71,5,Action
353,55,5,Drama
339,46,4,Sci-Fi
278,40,3,Comedy
237,16,2,Sci-Fi
324,16,5,Sci-Fi
974,98,2,Adventure
197,28,4,Romance
284,93,5,Comedy
779,68,5,Romance
290,13,2,Sci-Fi
304,30,3,Comedy
184,39,1,Adventure
726,69,2,Action
281,6,1,Drama
567,38,2,Comedy
654,97,4,Drama
106,2,5,Action
292,61,4,Drama
452,44,2,Comedy
989,7,3,Comedy
964,62,1,Sci-Fi
842,9,4,Adventure
504,10,5,Action
645,88,1,Adventure
156,20,5,Horror
972,39,1,Adventure
255,16,5,Sci-Fi
783,54,5,Romance
611,80,2,Adventure
795,67,4,Sci-Fi
462,57,3,Romance
881,76,4,Sci-Fi
313,73,5,Adventure
62,79,1,Documentary
971,98,2,Adventure
641,28,3,Romance
677,11,2,Action
246,23,5,Adventure
77,21,1,Action
419,58,5,Sci-Fi
482,38,1,Comedy
238,37,3,Documentary
720,59,1,Horror
704,30,3,Comedy
807,81,5,Documentary
678,26,4,Drama
118,70,2,Sci-Fi
664,20,3,Horror
847,19,1,Documentary
62,22,3,Drama
610,96,5,Drama
944,37,4,Documentary
128,60,3,Comedy
717,52,3,Horror
513,70,4,Sci-Fi
449,11,5,Action
41,56,3,Romance
619,33,1,Romance
94,30,5,Comedy
602,3,3,Horror
591,6,2,Drama
482,67,4,Sci-Fi
939,36,2,Action
600,56,4,Romance
993,12,4,Comedy
357,53,3,Documentary
329,86,1,Horror
879,21,3,Action
422,89,4,Romance
296,85,4,Sci-Fi
834,98,5,Adventure
38,59,1,Horror
323,33,3,Romance
119,99,4,Comedy
886,66,1,Horror
674,70,4,Sci-Fi
424,7,2,Comedy
531,47,5,Horror
775,64,4,Documentary
779,7,2,Comedy
274,71,2,Action
950,37,4,Documentary
902,90,4,Sci-Fi
125,4,5,Sci-Fi
819,31,2,Adventure
319,71,1,Action
566,53,1,Documentary
231,15,4,Action
970,16,2,Sci-Fi
511,92,3,Documentary
522,91,3,Drama
426,62,4,Sci-Fi
250,59,5,Horror
149,50,2,Comedy
944,77,5,Romance
765,18,1,Sci-Fi
283,99,4,Comedy
349,65,3,Adventure
841,1,3,Comedy
744,39,5,Adventure
594,85,4,Sci-Fi
887,20,4,Horror
552,62,3,Sci-Fi
341,71,5,Action
387,59,3,Horror
891,25,2,Horror
586,50,2,Comedy
877,100,4,Adventure
45,41,4,Horror
723,49,4,Sci-Fi
680,84,2,Drama
508,5,2,Sci-Fi
515,76,3,Sci-Fi
891,13,4,Sci-Fi
103,68,4,Romance
16,93,2,Comedy
420,84,2,Drama
77,61,3,Drama
347,80,4,Adventure
666,11,3,Action
873,87,5,Adventure
390,41,4,Horror
894,70,1,Sci-Fi
633,9,2,Adventure
647,88,3,Adventure
233,96,1,Drama
445,13,1,Sci-Fi
455,22,3,Drama
926,4,1,Sci-Fi
333,8,3,Comedy
368,48,4,Comedy
150,32,5,Comedy
422,73,2,Adventure
175,23,1,Adventure
625,49,5,Sci-Fi
700,31,4,Adventure
935,75,2,Comedy
238,60,3,Comedy
471,33,1,Romance
921,60,3,Comedy
694,70,2,Sci-Fi
76,57,3,Romance
602,39,4,Adventure
707,33,4,Romance
866,39,2,Adventure
394,62,1,Sci-Fi
243,49,5,Sci-Fi
368,74,3,Horror
717,38,1,Comedy
850,85,4,Sci-Fi
282,2,5,Action
886,88,1,Adventure
933,78,4,Sci-Fi
853,37,2,Documentary
622,46,2,Sci-Fi
652,25,5,Horror
257,87,2,Adventure
644,13,1,Sci-Fi
317,57,1,Romance
594,47,2,Horror
93,38,3,Comedy
766,54,2,Romance
206,17,5,Adventure
898,47,5,Horror
514,35,2,Horror
264,62,3,Sci-Fi
765,44,1,Comedy
480,10,2,Action
773,29,4,Comedy
991,72,3,Romance
93,51,1,Adventure
271,69,1,Action
466,48,3,Comedy
599,49,3,Sci-Fi
111,87,2,Adventure
483,4,5,Sci-Fi
906,72,3,Romance
938,79,2,Documentary
664,9,4,Adventure
932,90,3,Sci-Fi
665,53,1,Documentary
144,6,1,Drama
312,64,1,Documentary
100,31,5,Adventure
139,50,4,Comedy
380,86,5,Horror
430,76,2,Sci-Fi
907,54,1,Romance
854,63,5,Drama
418,36,1,Action
707,48,2,Comedy
455,57,2,Romance
876,47,1,Horror
703,48,5,Comedy
924,83,3,Horror
63,51,3,Adventure
195,16,4,Sci-Fi
94,85,2,Sci-Fi
658,82,5,Drama
995,3,1,Horror
806,43,2,Sci-Fi
129,73,2,Adventure
71,98,5,Adventure
213,76,2,Sci-Fi
833,30,3,Comedy
793,19,5,Documentary
3,36,2,Action
134,70,3,Sci-Fi
818,23,1,Adventure
677,4,2,Sci-Fi
16,46,2,Sci-Fi
603,42,1,Romance
179,34,1,Romance
130,95,4,Comedy
539,15,1,Action
488,58,3,Sci-Fi
526,76,1,Sci-Fi
463,65,2,Adventure
969,79,1,Documentary
745,85,5,Sci-Fi
309,59,1,Horror
63,62,4,Sci-Fi
437,88,1,Adventure
503,92,4,Documentary
76,11,3,Action
623,19,1,Documentary
130,36,5,Action
649,75,5,Comedy
730,42,4,Romance
612,68,3,Romance
465,65,5,Adventure
441,13,1,Sci-Fi
874,84,5,Drama
739,28,4,Romance
463,30,4,Comedy
348,59,4,Horror
426,94,1,Action
321,55,3,Drama
682,33,3,Romance
977,20,4,Horror
69,12,1,Comedy
96,56,1,Romance
763,95,3,Comedy
832,17,5,Adventure
62,76,5,Sci-Fi
576,43,1,Sci-Fi
421,46,4,Sci-Fi
889,93,1,Comedy
992,37,5,Documentary
320,46,1,Sci-Fi
592,65,2,Adventure
159,85,4,Sci-Fi
230,14,3,Sci-Fi
866,72,3,Romance
118,98,3,Adventure
588,29,4,Comedy
866,72,5,Romance
629,87,5,Adventure
27,78,3,Sci-Fi
30,24,3,Romance
720,98,3,Adventure
944,44,3,Comedy
7,24,2,Romance
580,85,4,Sci-Fi
72,19,1,Documentary
94,96,5,Drama
221,49,4,Sci-Fi
465,44,2,Comedy
379,40,3,Comedy
796,73,5,Adventure
87,7,2,Comedy
162,97,5,Drama
51,87,1,Adventure
279,57,4,Romance
498,78,4,Sci-Fi
425,35,2,Horror
774,66,1,Horror
354,56,1,Romance
291,87,5,Adventure
499,68,3,Romance
47,29,4,Comedy
614,8,1,Comedy
210,39,2,Adventure
786,18,3,Sci-Fi
297,42,1,Romance
8,64,4,Documentary
180,17,4,Adventure
546,91,2,Drama
513,72,3,Romance
74,51,1,Adventure
447,3,4,Horror
944,10,3,Action
590,55,5,Drama
415,91,4,Drama
297,15,4,Action
22,42,2,Romance
821,80,4,Adventure
852,89,3,Romance
91,56,1,Romance
250,56,5,Romance
411,68,1,Romance
406,40,3,Comedy
227,43,2,Sci-Fi
79,66,1,Horror
544,66,2,Horror
928,100,3,Adventure
360,94,2,Action
242,14,2,Sci-Fi
263,26,2,Drama
617,20,1,Horror
182,99,4,Comedy
476,97,5,Drama
779,75,4,Comedy
698,73,5,Adventure
331,81,3,Documentary
155,57,1,Romance
481,57,3,Romance
816,36,5,Action
58,46,5,Sci-Fi
76,40,4,Comedy
463,5,1,Sci-Fi
378,37,1,Documentary
661,12,5,Comedy
609,65,4,Adventure
474,75,5,Comedy
978,95,1,Comedy
461,74,2,Horror
330,78,4,Sci-Fi
514,20,1,Horror
462,14,3,Sci-Fi
732,11,5,Action
662,23,1,Adventure
254,91,4,Drama
450,68,5,Romance
625,21,3,Action
382,37,4,Documentary
419,100,3,Adventure
696,77,1,Romance
809,81,3,Documentary
68,43,1,Sci-Fi
572,87,4,Adventure
291,33,5,Romance
895,20,3,Horror
84,75,2,Comedy
939,45,3,Action
991,84,4,Drama
133,77,1,Romance
318,72,4,Romance
659,43,2,Sci-Fi
687,90,5,Sci-Fi
96,83,4,Horror
521,47,1,Horror
372,40,2,Comedy
974,28,3,Romance
971,99,4,Comedy
197,29,2,Comedy
159,10,3,Action
865,13,5,Sci-Fi
790,70,5,Sci-Fi
39,85,3,Sci-Fi
898,99,5,Comedy
135,77,4,Romance
158,21,2,Action
852,89,5,Romance
829,22,4,Drama
45,53,3,Documentary
693,93,2,Comedy
993,57,5,Romance
292,97,4,Drama
240,69,2,Action
317,61,2,Drama
377,87,5,Adventure
452,60,3,Comedy
797,49,5,Sci-Fi
541,54,2,Romance
837,26,5,Drama
142,33,1,Romance
657,62,3,Sci-Fi
568,14,5,Sci-Fi
872,16,3,Sci-Fi
86,98,2,Adventure
280,58,5,Sci-Fi
151,56,1,Romance
970,29,4,Comedy
906,45,1,Action
425,7,4,Comedy
515,48,2,Comedy
396,11,3,Action
230,4,3,Sci-Fi
954,13,3,Sci-Fi
811,19,2,Documentary
40,37,4,Documentary
713,18,4,Sci-Fi
460,79,1,Documentary
928,11,1,Action
263,28,2,Romance
562,94,5,Action
541,55,1,Drama
795,37,2,Documentary
309,16,1,Sci-Fi
245,54,5,Romance
469,9,1,Adventure
857,64,5,Documentary
549,3,5,Horror
589,31,2,Adventure
299,55,1,Drama
630,46,2,Sci-Fi
585,54,2,Romance
681,86,1,Horror
537,47,1,Horror
977,68,5,Romance
520,65,5,Adventure
21,50,4,Comedy
45,82,4,Drama
383,33,1,Romance
366,9,3,Adventure
247,94,1,Action
791,75,3,Comedy
137,6,3,Drama
560,44,2,Comedy
851,100,4,Adventure
713,62,2,Sci-Fi
831,18,1,Sci-Fi
734,100,4,Adventure
38,38,2,Comedy
45,26,1,Drama
324,40,5,Comedy
408,70,4,Sci-Fi
260,5,2,Sci-Fi
293,46,1,Sci-Fi
887,84,3,Drama
280,16,3,Sci-Fi
448,52,4,Horror
917,50,3,Comedy
998,24,4,Romance
709,64,3,Documentary
947,67,3,Sci-Fi
821,11,4,Action
81,56,5,Romance
843,24,5,Romance
301,42,1,Romance
82,42,3,Romance
314,58,5,Sci-Fi
735,55,2,Drama
707,57,3,Romance
458,6,3,Drama
630,56,3,Romance
655,8,1,Comedy
688,82,4,Drama
373,66,2,Horror
976,4,2,Sci-Fi
870,78,4,Sci-Fi
36,17,1,Adventure
242,100,3,Adventure
371,50,5,Comedy
34,78,2,Sci-Fi
696,58,3,Sci-Fi
381,57,1,Romance
588,18,5,Sci-Fi
376,51,3,Adventure
666,36,2,Action
984,15,1,Action
754,24,4,Romance
531,50,5,Comedy
121,34,3,Romance
721,58,2,Sci-Fi
627,37,4,Documentary
205,16,2,Sci-Fi
874,10,4,Action
177,92,4,Documentary
90,88,3,Adventure
684,45,1,Action
564,70,3,Sci-Fi
913,39,2,Adventure
729,91,2,Drama
813,47,5,Horror
230,16,2,Sci-Fi
812,18,2,Sci-Fi
810,64,1,Documentary
370,71,5,Action
378,60,5,Comedy
133,79,1,Documentary
68,40,4,Comedy
735,93,4,Comedy
539,53,4,Documentary
844,74,1,Horror
129,41,1,Horror
461,60,5,Comedy
353,17,5,Adventure
656,76,2,Sci-Fi
787,17,4,Adventure
515,8,1,Comedy
531,20,3,Horror
169,21,3,Action
958,91,2,Drama
355,67,3,Sci-Fi
867,11,3,Action
202,82,5,Drama
282,17,3,Adventure
630,69,1,Action
515,83,2,Horror
607,75,2,Comedy
176,85,5,Sci-Fi
738,78,3,Sci-Fi
863,73,1,Adventure
846,4,1,Sci-Fi
47,83,5,Horror
272,84,2,Drama
786,74,4,Horror
633,82,1,Drama
510,81,5,Documentary
297,83,3,Horror
495,32,4,Comedy
305,59,1,Horror
706,8,2,Comedy
451,54,4,Romance
476,27,3,Sci-Fi
622,19,3,Documentary
883,92,3,Documentary
752,45,4,Action
134,98,3,Adventure
528,72,1,Romance
327,31,4,Adventure
126,35,4,Horror
254,19,1,Documentary
52,38,4,Comedy
885,79,4,Documentary
255,21,3,Action
957,74,3,Horror
195,98,2,Adventure
511,66,4,Horror
511,40,4,Comedy
24,12,4,Comedy
518,59,2,Horror
221,75,3,Comedy
50,7,3,Comedy
507,77,4,Romance
293,69,1,Action
868,14,4,Sci-Fi
138,34,3,Romance
783,52,3,Horror
47,52,1,Horror
584,72,2,Romance
372,71,3,Action
76,50,5,Comedy
462,98,5,Adventure
287,80,5,Adventure
122,17,1,Adventure
404,48,3,Comedy
572,47,2,Horror
204,78,5,Sci-Fi
412,65,1,Adventure
47,5,2,Sci-Fi
731,43,4,Sci-Fi
532,59,2,Horror
621,66,2,Horror
336,79,3,Documentary
167,51,5,Adventure
758,39,5,Adventure
345,65,5,Adventure
546,63,5,Drama
307,61,1,Drama
378,43,1,Sci-Fi
427,75,3,Comedy
816,93,1,Comedy
612,61,3,Drama
991,84,5,Drama
592,30,1,Comedy
598,62,2,Sci-Fi
537,81,5,Documentary
794,49,2,Sci-Fi
842,88,2,Adventure
33,74,1,Horror
196,3,4,Horror
322,54,2,Romance
423,89,2,Romance
421,65,5,Adventure
943,61,1,Drama
723,18,5,Sci-Fi
213,72,3,Romance
679,62,5,Sci-Fi
386,41,2,Horror
471,69,3,Action
560,46,3,Sci-Fi
625,62,2,Sci-Fi
981,32,3,Comedy
572,39,2,Adventure
965,39,3,Adventure
722,27,4,Sci-Fi
325,62,3,Sci-Fi
574,93,3,Comedy
295,16,5,Sci-Fi
693,70,4,Sci-Fi
918,51,3,Adventure
978,99,2,Comedy
298,6,3,Drama
979,92,1,Documentary
355,57,3,Romance
766,62,2,Sci-Fi
207,69,3,Action
956,72,3,Romance
141,14,5,Sci-Fi
759,76,2,Sci-Fi
249,7,5,Comedy
232,82,2,Drama
54,13,4,Sci-Fi
339,92,4,Documentary
103,88,2,Adventure
6,71,2,Action
417,84,4,Drama
489,84,2,Drama
775,37,3,Documentary
293,83,1,Horror
930,99,1,Comedy
668,74,2,Horror
548,95,1,Comedy
936,23,4,Adventure
904,23,1,Adventure
857,51,4,Adventure
191,96,3,Drama
898,5,1,Sci-Fi
306,73,5,Adventure
110,43,3,Sci-Fi
466,83,5,Horror
537,64,2,Documentary
872,65,4,Adventure
280,25,1,Horror
339,21,4,Action
664,33,2,Romance
15,95,3,Comedy
810,38,5,Comedy
691,97,2,Drama
180,79,4,Documentary
847,55,5,Drama
336,12,4,Comedy
686,13,2,Sci-Fi
144,62,3,Sci-Fi
959,32,1,Comedy
268,50,2,Comedy
458,97,3,Drama
977,43,3,Sci-Fi
597,93,5,Comedy
12,34,3,Romance
710,31,1,Adventure
684,16,4,Sci-Fi
315,21,4,Action
703,65,3,Adventure
707,16,3,Sci-Fi
377,79,2,Documentary
225,18,4,Sci-Fi
157,59,5,Horror
383,54,5,Romance
935,61,5,Drama
822,86,2,Horror
781,32,5,Comedy
895,11,5,Action
458,68,3,Romance
80,73,1,Adventure
64,71,5,Action
208,74,5,Horror
154,22,3,Drama
875,67,4,Sci-Fi
120,88,2,Adventure
735,75,4,Comedy
94,66,4,Horror
829,8,4,Comedy
136,66,4,Horror
468,73,1,Adventure
573,60,3,Comedy
741,3,4,Horror
261,1,2,Comedy
593,10,1,Action
434,45,1,Action
555,8,1,Comedy
957,61,1,Drama
294,53,2,Documentary
788,18,4,Sci-Fi
384,49,4,Sci-Fi
891,49,4,Sci-Fi
83,88,5,Adventure
137,84,3,Drama
122,23,5,Adventure
403,68,2,Romance
746,29,1,Comedy
775,3,3,Horror
475,87,5,Adventure
435,69,4,Action
844,30,2,Comedy
472,45,2,Action
283,25,1,Horror
33,85,4,Sci-Fi
630,99,1,Comedy
247,27,1,Sci-Fi
104,77,1,Romance
458,77,1,Romance
251,95,1,Comedy
412,57,2,Romance
553,28,1,Romance
144,65,3,Adventure
240,94,5,Action
327,74,5,Horror
792,87,3,Adventure
243,39,2,Adventure
677,67,2,Sci-Fi
424,39,3,Adventure
63,72,5,Romance
901,95,2,Comedy
642,87,4,Adventure
570,64,1,Documentary
996,45,4,Action
805,68,3,Romance
714,54,4,Romance
153,39,4,Adventure
189,97,5,Drama
485,31,2,Adventure
308,91,2,Drama
826,60,1,Comedy
576,53,4,Documentary
571,68,2,Romance
398,32,3,Comedy
209,43,1,Sci-Fi
945,58,3,Sci-Fi
95,69,2,Action
53,35,4,Horror
690,78,5,Sci-Fi
41,10,2,Action
824,98,5,Adventure
742,86,5,Horror
223,62,2,Sci-Fi
891,43,3,Sci-Fi
980,2,2,Action
960,25,1,Horror
765,97,4,Drama
937,32,5,Comedy
721,27,4,Sci-Fi
938,31,5,Adventure
330,100,3,Adventure
390,60,5,Comedy
665,46,3,Sci-Fi
268,47,5,Horror
904,64,4,Documentary
101,93,4,Comedy
780,41,2,Horror
380,41,4,Horror
47,73,2,Adventure
760,19,1,Documentary
268,71,5,Action
594,93,4,Comedy
303,20,2,Horror
338,30,4,Comedy
584,32,4,Comedy
564,84,3,Drama
264,98,4,Adventure
990,93,4,Comedy
472,22,3,Drama
174,18,5,Sci-Fi
501,24,5,Romance
658,8,5,Comedy
35,10,1,Action
783,1,4,Comedy
141,81,2,Documentary
70,91,2,Drama
10,28,5,Romance
467,48,1,Comedy
633,82,5,Drama
935,62,4,Sci-Fi
17,1,5,Comedy
565,53,1,Documentary
18,68,3,Romance
549,37,1,Documentary
515,90,4,Sci-Fi
826,23,1,Adventure
941,13,5,Sci-Fi
153,31,2,Adventure
635,68,3,Romance
835,46,3,Sci-Fi
815,51,1,Adventure
383,52,4,Horror
579,32,2,Comedy
308,88,1,Adventure
670,84,1,Drama
96,52,4,Horror
387,71,4,Action
58,82,1,Drama
720,22,1,Drama
512,56,3,Romance
580,13,5,Sci-Fi
942,6,2,Drama
217,89,5,Romance
487,35,1,Horror
947,10,3,Action
921,70,5,Sci-Fi
674,5,2,Sci-Fi
952,41,1,Horror
985,27,5,Sci-Fi
148,97,4,Drama
952,10,3,Action
167,73,2,Adventure
581,50,5,Comedy
340,50,2,Comedy
810,89,1,Romance
513,96,3,Drama
55,13,4,Sci-Fi
238,10,3,Action
620,99,5,Comedy
978,77,4,Romance
993,100,3,Adventure
31,82,3,Drama
803,58,4,Sci-Fi
234,46,5,Sci-Fi
964,49,4,Sci-Fi
191,88,5,Adventure
677,49,1,Sci-Fi
791,80,3,Adventure
818,32,1,Comedy
85,35,2,Horror
390,92,2,Documentary
758,50,3,Comedy
370,14,1,Sci-Fi
6,40,4,Comedy
369,98,3,Adventure
105,17,1,Adventure
192,56,4,Romance
571,72,5,Romance
418,14,1,Sci-Fi
92,46,5,Sci-Fi
96,77,5,Romance
804,42,4,Romance
13,38,4,Comedy
398,100,1,Adventure
743,72,2,Romance
586,67,2,Sci-Fi
702,49,2,Sci-Fi
143,35,3,Horror
275,64,2,Documentary
65,22,4,Drama
283,54,3,Romance
496,10,3,Action
258,32,4,Comedy
609,79,2,Documentary
469,14,2,Sci-Fi
312,1,4,Comedy
341,80,4,Adventure
824,43,4,Sci-Fi
343,56,5,Romance
140,39,3,Adventure
618,89,2,Romance
491,41,2,Horror
988,51,3,Adventure
299,95,4,Comedy
991,74,2,Horror
334,49,3,Sci-Fi
837,51,3,Adventure
117,73,2,Adventure
607,70,2,Sci-Fi
699,99,5,Comedy
28,94,4,Action
966,91,2,Drama
449,38,1,Comedy
839,53,4,Documentary
143,82,3,Drama
248,33,2,Romance
733,55,4,Drama
76,58,5,Sci-Fi
491,75,4,Comedy
548,65,4,Adventure
557,5,3,Sci-Fi
719,69,5,Action
654,11,1,Action
788,32,3,Comedy
171,83,5,Horror
46,73,4,Adventure
991,97,3,Drama
989,56,1,Romance
11,13,3,Sci-Fi
228,66,5,Horror
572,75,5,Comedy
227,58,3,Sci-Fi
401,60,5,Comedy
708,65,2,Adventure
354,4,4,Sci-Fi
108,38,4,Comedy
943,11,1,Action
852,94,2,Action
357,40,3,Comedy
467,27,5,Sci-Fi
495,45,4,Action
100,57,4,Romance
327,9,3,Adventure
46,91,1,Drama
24,44,1,Comedy
694,22,2,Drama
529,23,5,Adventure
164,43,5,Sci-Fi
437,60,2,Comedy
817,52,2,Horror
191,82,4,Drama
406,4,5,Sci-Fi
905,26,4,Drama
607,55,4,Drama
5,91,2,Drama
211,36,1,Action
592,14,5,Sci-Fi
192,47,3,Horror
202,59,1,Horror
269,86,4,Horror
541,82,3,Drama
612,50,5,Comedy
402,76,1,Sci-Fi
357,46,4,Sci-Fi
633,23,3,Adventure
941,79,5,Documentary
87,87,2,Adventure
321,16,2,Sci-Fi
313,15,2,Action
383,89,2,Romance
524,50,4,Comedy
611,18,5,Sci-Fi
393,55,2,Drama
499,82,5,Drama
711,83,2,Horror
569,22,4,Drama
296,18,2,Sci-Fi
323,58,5,Sci-Fi
55,46,1,Sci-Fi
497,18,2,Sci-Fi
835,50,5,Comedy
518,84,4,Drama
419,88,4,Adventure
426,91,4,Drama
501,22,1,Drama
579,4,2,Sci-Fi
300,5,3,Sci-Fi
231,69,3,Action
173,100,4,Adventure
580,96,4,Drama
563,66,1,Horror
587,15,3,Action
794,70,3,Sci-Fi
556,97,1,Drama
779,93,4,Comedy
560,28,4,Romance
105,95,2,Comedy
305,5,4,Sci-Fi
270,45,1,Action
450,16,2,Sci-Fi
215,95,5,Comedy
706,45,5,Action
648,55,2,Drama
631,18,2,Sci-Fi
834,27,1,Sci-Fi
584,45,5,Action
288,77,5,Romance
173,42,3,Romance
297,74,3,Horror
976,66,1,Horror
139,97,4,Drama
941,8,3,Comedy
888,84,2,Drama
719,17,2,Adventure
150,92,3,Documentary
849,32,4,Comedy
502,19,5,Documentary
648,35,4,Horror
385,58,1,Sci-Fi
649,99,1,Comedy
413,66,3,Horror
712,48,4,Comedy
974,63,3,Drama
596,1,1,Comedy
749,59,3,Horror
871,9,5,Adventure
408,28,4,Romance
845,28,4,Romance
275,42,3,Romance
346,71,5,Action
134,73,4,Adventure
808,44,1,Comedy
48,13,4,Sci-Fi
17,16,2,Sci-Fi
452,59,1,Horror
982,55,2,Drama
706,17,3,Adventure
163,36,1,Action
671,47,3,Horror
85,48,2,Comedy
54,51,3,Adventure
744,90,2,Sci-Fi
440,84,1,Drama
721,13,1,Sci-Fi
219,62,1,Sci-Fi
136,76,2,Sci-Fi
532,88,4,Adventure
10,2,3,Action
837,16,4,Sci-Fi
711,17,4,Adventure
73,30,4,Comedy
92,94,1,Action
106,41,3,Horror
903,39,2,Adventure
392,100,2,Adventure
657,87,2,Adventure
71,68,5,Romance
9,79,2,Documentary
451,45,2,Action
644,96,2,Drama
942,53,5,Documentary
704,57,2,Romance
89,13,2,Sci-Fi
771,16,5,Sci-Fi
748,50,3,Comedy
987,55,3,Drama
811,18,2,Sci-Fi
284,83,1,Horror
255,71,5,Action
615,93,5,Comedy
292,100,1,Adventure
869,85,3,Sci-Fi
211,67,5,Sci-Fi
522,25,4,Horror
303,83,1,Horror
803,31,4,Adventure
396,15,2,Action
512,82,5,Drama
73,68,1,Romance
370,41,2,Horror
397,73,4,Adventure
375,70,2,Sci-Fi
782,61,1,Drama
18,76,1,Sci-Fi
15,34,2,Romance
41,8,4,Comedy
519,37,5,Documentary
786,54,4,Romance
719,52,1,Horror
656,69,5,Action
631,20,3,Horror
86,40,1,Comedy
524,27,2,Sci-Fi
550,42,4,Romance
601,82,1,Drama
318,90,4,Sci-Fi
748,31,1,Adventure
251,12,4,Comedy
119,59,5,Horror
624,8,3,Comedy
683,95,2,Comedy
123,2,2,Action
719,2,2,Action
509,45,5,Action
530,93,3,Comedy
171,48,2,Comedy
768,100,3,Adventure
751,16,1,Sci-Fi
344,55,3,Drama
537,9,3,Adventure
730,74,1,Horror
509,59,5,Horror
369,8,4,Comedy
880,73,2,Adventure
377,21,3,Action
792,14,5,Sci-Fi
691,93,1,Comedy
234,95,5,Comedy
3,6,1,Drama
251,6,4,Drama
373,50,2,Comedy
184,5,5,Sci-Fi
823,92,4,Documentary
230,42,2,Romance
427,93,3,Comedy
278,10,5,Action
382,16,5,Sci-Fi
690,7,2,Comedy
229,67,1,Sci-Fi
977,52,1,Horror
899,60,3,Comedy
793,40,3,Comedy
89,71,4,Action
9,48,2,Comedy
299,73,3,Adventure
758,80,2,Adventure
476,48,5,Comedy
996,64,2,Documentary
751,70,2,Sci-Fi
155,1,4,Comedy
25,30,5,Comedy
355,82,1,Drama
974,43,1,Sci-Fi
778,85,4,Sci-Fi
870,95,3,Comedy
107,27,5,Sci-Fi
244,54,4,Romance
985,8,2,Comedy
729,36,1,Action
45,30,5,Comedy
423,90,3,Sci-Fi
470,96,1,Drama
595,13,5,Sci-Fi
137,82,4,Drama
77,76,5,Sci-Fi
64,56,2,Romance
243,38,3,Comedy
872,41,4,Horror
718,95,3,Comedy
326,58,3,Sci-Fi
240,10,2,Action
140,100,5,Adventure
112,20,1,Horror
169,58,4,Sci-Fi
322,53,1,Documentary
549,46,2,Sci-Fi
463,40,4,Comedy
272,16,1,Sci-Fi
162,88,3,Adventure
847,91,5,Drama
42,28,3,Romance
152,12,2,Comedy
992,46,4,Sci-Fi
526,7,3,Comedy
267,23,1,Adventure
975,52,4,Horror
570,96,5,Drama
256,13,4,Sci-Fi
105,18,1,Sci-Fi
13,8,2,Comedy
134,26,4,Drama
382,88,1,Adventure
597,76,3,Sci-Fi
940,10,1,Action
67,26,4,Drama
829,17,1,Adventure
927,43,1,Sci-Fi
44,60,1,Comedy
173,74,4,Horror
842,93,4,Comedy
509,4,4,Sci-Fi
700,55,2,Drama
363,28,2,Romance
282,36,4,Action
905,20,1,Horror
629,80,5,Adventure
252,83,3,Horror
511,53,5,Documentary
491,8,1,Comedy
287,50,2,Comedy
430,26,5,Drama
256,81,5,Documentary
814,3,4,Horror
801,92,3,Documentary
492,70,4,Sci-Fi
353,73,5,Adventure
330,50,3,Comedy
185,4,3,Sci-Fi
612,29,1,Comedy
918,100,3,Adventure
60,61,5,Drama
367,99,5,Comedy
239,21,1,Action
254,85,2,Sci-Fi
273,69,1,Action
783,29,5,Comedy
867,50,3,Comedy
958,23,2,Adventure
243,76,3,Sci-Fi
826,95,3,Comedy
936,76,1,Sci-Fi
721,90,3,Sci-Fi
971,73,5,Adventure
146,73,2,Adventure
857,64,5,Documentary
317,23,4,Adventure
39,12,1,Comedy
239,78,2,Sci-Fi
21,68,4,Romance
1,43,5,Sci-Fi
207,17,3,Adventure
735,23,3,Adventure
61,3,2,Horror
601,91,2,Drama
793,15,5,Action
882,47,1,Horror
383,91,4,Drama
601,13,3,Sci-Fi
310,42,2,Romance
1000,21,4,Action
811,82,4,Drama
665,41,2,Horror
725,72,5,Romance
806,46,2,Sci-Fi
682,76,2,Sci-Fi
388,40,3,Comedy
131,23,1,Adventure
972,90,5,Sci-Fi
401,99,5,Comedy
34,24,5,Romance
326,79,2,Documentary
655,73,1,Adventure
960,64,2,Documentary
340,96,1,Drama
244,45,3,Action
172,82,1,Drama
842,91,3,Drama
458,2,3,Action
215,32,1,Comedy
359,33,1,Romance
738,1,1,Comedy
396,57,4,Romance
993,22,4,Drama
505,49,3,Sci-Fi
560,49,1,Sci-Fi
849,62,5,Sci-Fi
667,98,2,Adventure
167,58,1,Sci-Fi
819,5,3,Sci-Fi
21,41,3,Horror
975,14,1,Sci-Fi
351,22,4,Drama
165,94,1,Action
561,12,3,Comedy
609,79,4,Documentary
722,4,4,Sci-Fi
966,84,2,Drama
622,56,2,Romance
55,13,3,Sci-Fi
211,25,4,Horror
714,71,5,Action
272,85,3,Sci-Fi
305,31,1,Adventure
51,51,5,Adventure
563,63,2,Drama
56,47,1,Horror
438,12,3,Comedy
844,85,5,Sci-Fi
492,26,1,Drama
27,27,2,Sci-Fi
654,38,1,Comedy
485,15,3,Action
804,51,4,Adventure
501,85,3,Sci-Fi
94,83,5,Horror
397,24,3,Romance
907,49,3,Sci-Fi
192,58,1,Sci-Fi
270,57,4,Romance
270,29,3,Comedy
578,8,2,Comedy
771,90,1,Sci-Fi
88,86,3,Horror
828,70,4,Sci-Fi
995,97,5,Drama
233,71,1,Action
861,50,5,Comedy
429,69,4,Action
587,31,4,Adventure
307,11,4,Action
925,92,1,Documentary
515,74,5,Horror
820,74,5,Horror
151,16,4,Sci-Fi
178,22,2,Drama
828,25,2,Horror
44,55,1,Drama
700,56,2,Romance
843,81,2,Documentary
855,77,3,Romance
328,94,1,Action
90,50,5,Comedy
407,71,3,Action
878,36,5,Action
470,2,5,Action
602,67,4,Sci-Fi
116,54,2,Romance
152,73,5,Adventure
597,98,1,Adventure
948,14,5,Sci-Fi
799,13,3,Sci-Fi
889,69,3,Action
899,53,3,Documentary
393,84,4,Drama
586,78,4,Sci-Fi
39,23,3,Adventure
413,19,5,Documentary
624,88,4,Adventure
40,51,3,Adventure
708,31,1,Adventure
764,61,3,Drama
919,48,1,Comedy
346,39,3,Adventure
288,63,1,Drama
996,30,2,Comedy
308,96,4,Drama
793,42,3,Romance
747,54,5,Romance
662,12,2,Comedy
453,28,4,Romance
759,63,5,Drama
889,48,1,Comedy
528,21,1,Action
319,91,5,Drama
414,18,5,Sci-Fi
901,73,1,Adventure
178,25,2,Horror
858,8,2,Comedy
34,59,1,Horror
941,47,2,Horror
281,48,4,Comedy
518,51,1,Adventure
698,4,2,Sci-Fi
382,63,5,Drama
457,23,4,Adventure
601,71,3,Action
353,21,3,Action
767,89,1,Romance
292,4,4,Sci-Fi
51,21,5,Action
799,28,2,Romance
663,29,2,Comedy
276,84,4,Drama
526,3,1,Horror
486,17,2,Adventure
616,2,2,Action
259,78,3,Sci-Fi
730,91,3,Drama
434,49,3,Sci-Fi
471,33,2,Romance
478,39,5,Adventure
845,80,4,Adventure
599,14,1,Sci-Fi
524,85,3,Sci-Fi
575,83,5,Horror
624,37,3,Documentary
701,14,4,Sci-Fi
66,44,3,Comedy
656,42,3,Romance
268,84,3,Drama
193,20,5,Horror
784,31,1,Adventure
825,77,4,Romance
677,41,2,Horror
739,4,4,Sci-Fi
303,34,4,Romance
415,50,1,Comedy
598,91,5,Drama
836,25,3,Horror
744,92,2,Documentary
703,69,4,Action
929,86,3,Horror
520,39,2,Adventure
861,85,5,Sci-Fi
186,38,1,Comedy
483,17,3,Adventure
743,72,2,Romance
970,88,3,Adventure
671,12,2,Comedy
364,29,3,Comedy
431,43,3,Sci-Fi
267,75,3,Comedy
475,16,4,Sci-Fi
55,82,5,Drama
595,80,1,Adventure
484,25,5,Horror
123,88,4,Adventure
543,39,4,Adventure
56,20,2,Horror
206,44,4,Comedy
584,59,2,Horror
324,92,2,Documentary
798,11,4,Action
341,81,2,Documentary
321,82,1,Drama
5,58,3,Sci-Fi
215,98,2,Adventure
591,98,2,Adventure
502,98,1,Adventure
133,79,4,Documentary
649,55,4,Drama
440,62,4,Sci-Fi
5,5,5,Sci-Fi
205,94,3,Action
973,2,3,Action
776,68,2,Romance
19,87,1,Adventure
642,94,2,Action
232,89,3,Romance
320,17,1,Adventure
393,65,5,Adventure
314,22,1,Drama
844,6,3,Drama
972,38,4,Comedy
746,67,5,Sci-Fi
537,44,4,Comedy
910,88,2,Adventure
351,63,3,Drama
769,25,2,Horror
971,52,1,Horror
234,29,2,Comedy
217,94,1,Action
604,65,2,Adventure
127,47,1,Horror
385,82,3,Drama
790,69,5,Action
50,77,1,Romance
678,14,1,Sci-Fi
50,89,1,Romance
427,57,4,Romance
127,71,3,Action
486,90,2,Sci-Fi
211,89,1,Romance
309,54,1,Romance
679,67,3,Sci-Fi
638,78,2,Sci-Fi
429,14,5,Sci-Fi
737,80,1,Adventure
290,15,1,Action
510,26,5,Drama
205,100,3,Adventure
852,67,2,Sci-Fi
367,91,4,Drama
303,21,1,Action
562,64,2,Documentary
705,62,3,Sci-Fi
241,1,1,Comedy
688,12,1,Comedy
856,74,4,Horror
153,12,5,Comedy
77,93,1,Comedy
927,33,2,Romance
468,38,3,Comedy
476,7,1,Comedy
833,23,1,Adventure
873,38,3,Comedy
821,87,3,Adventure
437,95,1,Comedy
98,98,1,Adventure
10,18,2,Sci-Fi
337,46,4,Sci-Fi
979,80,3,Adventure
900,94,1,Action
382,44,2,Comedy
117,52,4,Horror
986,59,3,Horror
856,50,4,Comedy
820,54,2,Romance
116,17,1,Adventure
966,21,1,Action
427,76,4,Sci-Fi
822,73,4,Adventure
186,79,4,Documentary
798,46,5,Sci-Fi
30,88,2,Adventure
495,63,1,Drama
909,53,4,Documentary
48,9,3,Adventure
671,41,1,Horror
722,87,5,Adventure
786,96,5,Drama
742,73,2,Adventure
979,86,3,Horror
532,67,5,Sci-Fi
98,56,2,Romance
494,45,4,Action
153,72,5,Romance
56,2,2,Action
518,61,4,Drama
891,22,1,Drama
770,63,3,Drama
247,43,3,Sci-Fi
52,65,2,Adventure
564,83,4,Horror
413,31,1,Adventure
471,57,5,Romance
459,12,4,Comedy
458,41,1,Horror
510,96,1,Drama
106,52,4,Horror
37,72,5,Romance
1,12,5,Comedy
987,80,3,Adventure
912,66,5,Horror
212,84,4,Drama
974,44,3,Comedy
846,7,2,Comedy
865,59,3,Horror
574,99,5,Comedy
615,61,3,Drama
734,58,1,Sci-Fi
100,98,2,Adventure
3,44,3,Comedy
850,82,3,Drama
561,67,3,Sci-Fi
719,14,1,Sci-Fi
919,22,4,Drama
144,92,4,Documentary
110,33,5,Romance
201,25,1,Horror
953,51,2,Adventure
469,25,3,Horror
111,97,4,Drama
48,82,5,Drama
127,99,4,Comedy
469,85,5,Sci-Fi
980,65,2,Adventure
987,64,1,Documentary
544,95,1,Comedy
567,56,5,Romance
495,66,2,Horror
709,75,2,Comedy
749,17,1,Adventure
397,85,5,Sci-Fi
621,42,5,Romance
903,50,4,Comedy
624,89,2,Romance
281,51,3,Adventure
994,38,4,Comedy
825,18,2,Sci-Fi
423,78,5,Sci-Fi
307,90,5,Sci-Fi
882,41,5,Horror
648,28,2,Romance
215,80,3,Adventure
704,45,2,Action
728,84,2,Drama
516,70,3,Sci-Fi
728,15,3,Action
576,62,5,Sci-Fi
585,86,4,Horror
691,96,5,Drama
293,55,1,Drama
536,14,1,Sci-Fi
391,19,1,Documentary
687,8,2,Comedy
274,97,2,Drama
294,88,3,Adventure
150,8,3,Comedy
209,97,5,Drama
34,46,4,Sci-Fi
105,79,5,Documentary
886,29,5,Comedy
399,31,5,Adventure
804,90,3,Sci-Fi
710,86,1,Horror
949,49,4,Sci-Fi
427,88,3,Adventure
990,71,1,Action
14,96,3,Drama
208,80,4,Adventure
850,29,3,Comedy
774,76,5,Sci-Fi
757,78,2,Sci-Fi
795,93,2,Comedy
302,58,2,Sci-Fi
700,10,2,Action
986,23,5,Adventure
123,49,1,Sci-Fi
439,36,5,Action
271,17,2,Adventure
599,33,1,Romance
339,60,2,Comedy
41,20,3,Horror
612,7,5,Comedy
864,85,3,Sci-Fi
503,74,5,Horror
367,10,3,Action
539,29,2,Comedy
534,9,5,Adventure
164,54,5,Romance
550,52,1,Horror
358,29,2,Comedy
680,43,3,Sci-Fi
370,38,2,Comedy
974,97,5,Drama
544,61,5,Drama
844,97,1,Drama
118,86,3,Horror
457,31,5,Adventure
941,80,2,Adventure
982,6,3,Drama
391,15,4,Action
263,70,3,Sci-Fi
26,67,3,Sci-Fi
527,66,4,Horror
499,6,3,Drama
920,84,2,Drama
329,66,1,Horror
971,13,2,Sci-Fi
995,99,5,Comedy
547,1,1,Comedy
216,86,2,Horror
886,88,4,Adventure
856,14,2,Sci-Fi
551,90,4,Sci-Fi
663,10,2,Action
25,59,3,Horror
39,12,1,Comedy
56,23,3,Adventure
572,10,5,Action
842,30,3,Comedy
418,50,4,Comedy
646,52,4,Horror
324,3,4,Horror
690,16,5,Sci-Fi
7,83,5,Horror
65,97,5,Drama
47,90,1,Sci-Fi
367,65,1,Adventure
297,88,3,Adventure
622,12,3,Comedy
784,57,4,Romance
405,85,1,Sci-Fi
486,21,5,Action
226,18,4,Sci-Fi
816,70,3,Sci-Fi
984,82,2,Drama
306,87,3,Adventure
981,2,5,Action
896,72,2,Romance
127,6,1,Drama
587,77,4,Romance
551,71,1,Action
313,27,3,Sci-Fi
217,53,5,Documentary
146,21,2,Action
227,79,3,Documentary
199,15,2,Action
688,73,1,Adventure
872,97,5,Drama
473,83,5,Horror
75,38,1,Comedy
257,13,2,Sci-Fi
744,75,4,Comedy
975,43,3,Sci-Fi
132,86,2,Horror
103,37,5,Documentary
72,25,3,Horror
498,58,3,Sci-Fi
632,85,3,Sci-Fi
711,75,2,Comedy
580,73,3,Adventure
828,41,4,Horror
173,1,3,Comedy
253,29,4,Comedy
284,47,2,Horror
696,94,3,Action
899,62,4,Sci-Fi
457,46,3,Sci-Fi
499,71,1,Action
180,83,5,Horror
84,36,2,Action
913,69,2,Action
270,94,1,Action
745,10,1,Action
870,65,1,Adventure
833,75,5,Comedy
415,99,5,Comedy
218,5,5,Sci-Fi
267,70,5,Sci-Fi
484,84,2,Drama
375,51,2,Adventure
913,99,5,Comedy
751,38,2,Comedy
476,65,5,Adventure
93,51,3,Adventure
515,2,2,Action
869,79,2,Documentary
776,66,2,Horror
457,21,2,Action
580,73,2,Adventure
754,94,4,Action
962,46,1,Sci-Fi
225,98,4,Adventure
238,9,3,Adventure
379,30,1,Comedy
685,27,5,Sci-Fi
930,47,4,Horror
481,59,1,Horror
41,84,3,Drama
106,91,5,Drama
649,36,3,Action
593,70,5,Sci-Fi
179,49,4,Sci-Fi
375,76,1,Sci-Fi
530,33,4,Romance
997,29,5,Comedy
416,46,3,Sci-Fi
499,62,5,Sci-Fi
7,65,2,Adventure
451,22,2,Drama
79,66,3,Horror
217,20,2,Horror
162,47,5,Horror
735,16,2,Sci-Fi
425,43,1,Sci-Fi
494,87,4,Adventure
491,27,5,Sci-Fi
166,83,4,Horror
23,32,1,Comedy
131,74,5,Horror
165,18,5,Sci-Fi
41,74,2,Horror
58,22,3,Drama
945,24,5,Romance
982,52,5,Horror
993,73,1,Adventure
900,93,3,Comedy
970,11,2,Action
460,78,4,Sci-Fi
889,62,2,Sci-Fi
225,53,5,Documentary
147,75,2,Comedy
639,85,5,Sci-Fi
271,22,3,Drama
945,59,5,Horror
605,9,2,Adventure
388,50,2,Comedy
112,3,2,Horror
536,65,4,Adventure
847,20,5,Horror
99,23,4,Adventure
924,79,5,Documentary
40,69,5,Action
771,16,1,Sci-Fi
494,85,2,Sci-Fi
924,78,5,Sci-Fi
848,1,4,Comedy
535,54,3,Romance
896,6,5,Drama
440,30,4,Comedy
809,99,4,Comedy
359,76,5,Sci-Fi
101,55,2,Drama
261,62,2,Sci-Fi
932,11,3,Action
613,70,4,Sci-Fi
264,25,1,Horror
727,96,1,Drama
592,67,1,Sci-Fi
533,1,4,Comedy
671,27,3,Sci-Fi
419,47,1,Horror
159,55,5,Drama
260,34,5,Romance
434,73,3,Adventure
627,36,4,Action
774,27,4,Sci-Fi
566,72,4,Romance
184,48,5,Comedy
569,62,3,Sci-Fi
315,74,3,Horror
793,91,4,Drama
754,18,1,Sci-Fi
766,30,4,Comedy
802,90,2,Sci-Fi
103,28,5,Romance
411,44,5,Comedy
629,90,1,Sci-Fi
165,50,1,Comedy
824,12,2,Comedy
483,77,4,Romance
91,9,3,Adventure
228,48,1,Comedy
624,5,4,Sci-Fi
954,52,5,Horror
672,67,3,Sci-Fi
729,77,1,Romance
969,100,2,Adventure
656,64,4,Documentary
11,26,5,Drama
293,25,1,Horror
803,77,5,Romance
529,90,2,Sci-Fi
630,22,1,Drama
369,31,1,Adventure
1000,21,1,Action
283,100,4,Adventure
362,86,4,Horror
416,76,2,Sci-Fi
531,2,1,Action
942,12,5,Comedy
292,93,5,Comedy
937,75,3,Comedy
356,36,2,Action
621,25,4,Horror
953,52,5,Horror
5,34,2,Romance
417,65,1,Adventure
573,10,5,Action
302,44,1,Comedy
823,66,3,Horror
898,69,5,Action
257,89,4,Romance
990,49,5,Sci-Fi
496,99,2,Comedy
776,44,4,Comedy
698,59,5,Horror
883,4,4,Sci-Fi
120,34,1,Romance
392,82,2,Drama
694,90,2,Sci-Fi
820,41,4,Horror
979,46,5,Sci-Fi
549,2,3,Action
255,37,1,Documentary
409,87,3,Adventure
78,71,2,Action
488,41,3,Horror
224,74,3,Horror
188,96,2,Drama
511,95,2,Comedy
241,95,2,Comedy
894,34,2,Romance
235,26,2,Drama
857,80,3,Adventure
160,100,1,Adventure
123,11,4,Action
629,1,5,Comedy
981,6,4,Drama
381,80,3,Adventure
505,74,3,Horror
503,24,5,Romance
287,51,2,Adventure
769,74,2,Horror
56,68,4,Romance
490,70,1,Sci-Fi
515,45,4,Action
882,88,2,Adventure
469,16,5,Sci-Fi
472,41,1,Horror
13,87,2,Adventure
389,75,1,Comedy
334,47,5,Horror
883,34,2,Romance
562,34,2,Romance
276,61,5,Drama
352,47,2,Horror
511,55,2,Drama
430,90,3,Sci-Fi
374,52,3,Horror
462,24,5,Romance
135,74,2,Horror
834,13,3,Sci-Fi
824,31,5,Adventure
443,49,2,Sci-Fi
150,95,2,Comedy
485,2,2,Action
432,64,2,Documentary
915,81,5,Documentary
547,93,3,Comedy
805,63,3,Drama
257,72,5,Romance
49,51,1,Adventure
708,21,1,Action
221,33,4,Romance
860,81,1,Documentary
461,96,3,Drama
267,47,3,Horror
574,72,3,Romance
353,3,4,Horror
125,45,5,Action
204,74,5,Horror
666,84,5,Drama
179,100,3,Adventure
364,42,5,Romance
500,100,4,Adventure
911,11,4,Action
629,37,4,Documentary
647,19,2,Documentary
656,44,4,Comedy
647,79,5,Documentary
415,10,1,Action
166,44,2,Comedy
322,41,3,Horror
728,35,5,Horror
661,51,3,Adventure
909,57,3,Romance
766,76,5,Sci-Fi
989,58,4,Sci-Fi
172,24,1,Romance
129,94,2,Action
678,33,1,Romance
216,22,4,Drama
106,13,1,Sci-Fi
960,61,5,Drama
56,4,4,Sci-Fi
537,98,1,Adventure
107,34,5,Romance
160,11,4,Action
317,30,2,Comedy
756,37,4,Documentary
642,17,2,Adventure
540,22,1,Drama
36,85,3,Sci-Fi
882,42,4,Romance
479,70,3,Sci-Fi
562,57,2,Romance
993,90,5,Sci-Fi
182,76,5,Sci-Fi
468,81,5,Documentary
446,68,5,Romance
318,45,4,Action
553,30,1,Comedy
453,40,3,Comedy
423,34,2,Romance
311,2,1,Action
536,98,2,Adventure
353,37,4,Documentary
548,2,4,Action
970,97,4,Drama
307,2,4,Action
818,38,5,Comedy
237,1,5,Comedy
383,25,4,Horror
904,72,4,Romance
405,32,2,Comedy
733,95,4,Comedy
849,49,2,Sci-Fi
270,11,4,Action
641,31,5,Adventure
783,79,3,Documentary
292,84,5,Drama
829,35,4,Horror
193,9,2,Adventure
140,38,1,Comedy
653,59,5,Horror
464,35,5,Horror
504,25,3,Horror
20,20,1,Horror
993,69,1,Action
191,14,3,Sci-Fi
276,17,4,Adventure
745,2,2,Action
93,20,1,Horror
506,28,3,Romance
431,40,4,Comedy
381,60,1,Comedy
339,11,2,Action
58,35,4,Horror
74,70,4,Sci-Fi
186,25,3,Horror
837,49,1,Sci-Fi
125,99,2,Comedy
395,99,4,Comedy
254,95,1,Comedy
204,59,1,Horror
534,86,2,Horror
485,50,3,Comedy
959,42,2,Romance
645,94,1,Action
763,71,5,Action
126,33,4,Romance
654,39,2,Adventure
370,7,2,Comedy
997,15,2,Action
649,56,3,Romance
16,22,3,Drama
599,16,4,Sci-Fi
809,32,1,Comedy
993,6,5,Drama
803,89,4,Romance
705,77,2,Romance
381,99,1,Comedy
255,21,4,Action
94,88,5,Adventure
347,98,1,Adventure
62,46,2,Sci-Fi
719,69,1,Action
129,63,2,Drama
325,72,3,Romance
825,57,2,Romance
22,89,4,Romance
367,93,2,Comedy
257,6,4,Drama
724,57,5,Romance
302,70,4,Sci-Fi
195,73,2,Adventure
557,45,3,Action
750,60,3,Comedy
889,77,5,Romance
165,9,5,Adventure
159,58,3,Sci-Fi
840,34,5,Romance
376,59,1,Horror
795,82,5,Drama
389,94,2,Action
905,3,5,Horror
878,47,5,Horror
245,42,1,Romance
675,69,4,Action
195,68,4,Romance
785,71,2,Action
628,37,3,Documentary
420,83,3,Horror
114,13,5,Sci-Fi
675,9,1,Adventure
856,17,2,Adventure
895,5,2,Sci-Fi
110,63,2,Drama
102,5,5,Sci-Fi
658,50,4,Comedy
539,80,5,Adventure
263,7,3,Comedy
227,78,1,Sci-Fi
14,27,4,Sci-Fi
951,11,4,Action
821,82,1,Drama
370,72,4,Romance
842,48,1,Comedy
844,79,3,Documentary
542,6,1,Drama
855,39,1,Adventure
968,28,5,Romance
100,13,2,Sci-Fi
545,50,2,Comedy
198,68,2,Romance
584,81,2,Documentary
572,96,5,Drama
426,96,1,Drama
785,82,5,Drama
367,87,4,Adventure
720,86,4,Horror
905,14,2,Sci-Fi
812,24,5,Romance
412,65,3,Adventure
674,21,5,Action
615,57,3,Romance
925,41,5,Horror
333,48,4,Comedy
783,82,4,Drama
846,93,3,Comedy
624,31,5,Adventure
559,28,4,Romance
785,71,3,Action
369,58,4,Sci-Fi
983,51,1,Adventure
744,5,3,Sci-Fi
611,3,5,Horror
139,39,1,Adventure
308,29,2,Comedy
877,41,1,Horror
791,89,3,Romance
942,71,5,Action
570,74,5,Horror
159,13,1,Sci-Fi
472,46,2,Sci-Fi
142,34,3,Romance
911,75,2,Comedy
239,33,3,Romance
95,74,4,Horror
583,28,1,Romance
741,42,4,Romance
178,63,5,Drama
840,13,5,Sci-Fi
658,39,1,Adventure
749,74,4,Horror
81,100,1,Adventure
944,99,3,Comedy
357,56,4,Romance
953,16,2,Sci-Fi
766,84,5,Drama
951,2,4,Action
56,40,5,Comedy
43,41,5,Horror
579,20,3,Horror
515,90,2,Sci-Fi
157,7,4,Comedy
995,58,5,Sci-Fi
590,65,1,Adventure
228,56,3,Romance
806,51,2,Adventure
136,44,1,Comedy
488,74,1,Horror
562,52,3,Horror
88,52,5,Horror
445,100,2,Adventure
781,18,4,Sci-Fi
573,26,4,Drama
405,84,5,Drama
201,72,5,Romance
754,68,2,Romance
249,10,3,Action
796,56,3,Romance
702,74,1,Horror
116,86,4,Horror
434,47,3,Horror
196,42,3,Romance
609,84,1,Drama
789,40,2,Comedy
359,79,4,Documentary
639,19,4,Documentary
46,30,2,Comedy
702,48,2,Comedy
776,94,1,Action
116,95,1,Comedy
249,80,2,Adventure
890,37,1,Documentary
352,89,1,Romance
313,58,4,Sci-Fi
24,43,2,Sci-Fi
758,69,2,Action
209,70,5,Sci-Fi
769,34,5,Romance
495,80,2,Adventure
712,90,1,Sci-Fi
386,75,5,Comedy
45,33,2,Romance
62,37,2,Documentary
809,90,5,Sci-Fi
278,7,4,Comedy
671,2,1,Action
398,85,3,Sci-Fi
679,85,3,Sci-Fi
886,14,1,Sci-Fi
300,84,4,Drama
237,49,5,Sci-Fi
727,13,3,Sci-Fi
497,77,5,Romance
91,24,2,Romance
513,59,5,Horror
949,92,1,Documentary
41,32,5,Comedy
313,43,4,Sci-Fi
403,96,2,Drama
19,45,3,Action
364,81,3,Documentary
242,65,3,Adventure
832,8,3,Comedy
900,50,1,Comedy
967,72,3,Romance
231,20,3,Horror
919,51,2,Adventure
90,94,4,Action
534,87,5,Adventure
894,81,2,Documentary
428,31,5,Adventure
157,55,3,Drama
932,78,3,Sci-Fi
460,70,2,Sci-Fi
212,84,2,Drama
595,70,2,Sci-Fi
884,18,3,Sci-Fi
706,91,5,Drama
932,18,4,Sci-Fi
931,99,2,Comedy
672,73,2,Adventure
326,9,5,Adventure
546,93,1,Comedy
189,41,2,Horror
745,4,3,Sci-Fi
902,53,4,Documentary
311,57,3,Romance
156,100,2,Adventure
110,17,2,Adventure
27,98,5,Adventure
632,35,5,Horror
581,79,2,Documentary
611,30,2,Comedy
704,4,3,Sci-Fi
82,89,4,Romance
138,65,5,Adventure
481,92,3,Documentary
189,50,4,Comedy
486,18,2,Sci-Fi
198,29,1,Comedy
419,98,1,Adventure
948,35,4,Horror
228,96,2,Drama
776,27,1,Sci-Fi
182,57,5,Romance
502,89,3,Romance
888,59,2,Horror
438,52,1,Horror
623,95,4,Comedy
738,41,4,Horror
627,96,5,Drama
609,69,5,Action
657,91,1,Drama
534,14,4,Sci-Fi
468,6,2,Drama
532,69,4,Action
753,6,5,Drama
397,67,1,Sci-Fi
195,38,4,Comedy
408,39,3,Adventure
473,22,4,Drama
302,79,1,Documentary
707,67,2,Sci-Fi
475,83,4,Horror
93,93,5,Comedy
116,24,5,Romance
961,90,5,Sci-Fi
139,51,4,Adventure
332,58,1,Sci-Fi
184,59,5,Horror
919,92,2,Documentary
904,59,1,Horror
257,42,2,Romance
736,94,1,Action
94,15,4,Action
650,47,1,Horror
537,91,4,Drama
745,66,5,Horror
973,21,4,Action
564,49,1,Sci-Fi
787,22,3,Drama
580,85,2,Sci-Fi
167,19,2,Documentary
788,92,1,Documentary
430,40,3,Comedy
748,99,4,Comedy
296,81,2,Documentary
121,17,2,Adventure
4,80,3,Adventure
13,59,4,Horror
876,64,5,Documentary
827,1,5,Comedy
904,64,2,Documentary
223,76,4,Sci-Fi
465,53,4,Documentary
82,77,5,Romance
7,32,5,Comedy
285,80,5,Adventure
840,27,1,Sci-Fi
190,19,1,Documentary
669,45,1,Action
149,5,5,Sci-Fi
859,78,3,Sci-Fi
340,12,1,Comedy
112,54,2,Romance
166,87,3,Adventure
626,85,5,Sci-Fi
587,72,2,Romance
990,59,5,Horror
369,5,1,Sci-Fi
787,39,3,Adventure
378,49,1,Sci-Fi
777,55,5,Drama
67,38,4,Comedy
138,16,3,Sci-Fi
338,68,4,Romance
538,27,2,Sci-Fi
627,8,1,Comedy
586,94,5,Action
90,62,5,Sci-Fi
957,91,3,Drama
438,78,3,Sci-Fi
266,68,5,Romance
639,46,2,Sci-Fi
630,73,4,Adventure
533,94,4,Action
505,24,5,Romance
239,91,3,Drama
199,1,1,Comedy
25,60,1,Comedy
756,27,5,Sci-Fi
425,53,1,Documentary
342,45,5,Action
826,82,2,Drama
12,82,2,Drama
707,37,3,Documentary
810,9,3,Adventure
308,65,5,Adventure
332,99,1,Comedy
117,88,3,Adventure
350,51,5,Adventure
631,4,2,Sci-Fi
199,43,3,Sci-Fi
945,87,4,Adventure
939,61,1,Drama
662,18,4,Sci-Fi
160,81,4,Documentary
914,69,3,Action
474,53,1,Documentary
856,67,3,Sci-Fi
579,93,3,Comedy
569,69,1,Action
214,74,3,Horror
819,46,1,Sci-Fi
993,20,3,Horror
861,4,3,Sci-Fi
385,81,5,Documentary
863,22,5,Drama
621,50,2,Comedy
610,15,3,Action
723,41,1,Horror
279,53,1,Documentary
509,31,3,Adventure
463,39,2,Adventure
538,39,2,Adventure
115,48,1,Comedy
797,26,1,Drama
455,65,1,Adventure
819,62,5,Sci-Fi
158,25,3,Horror
946,62,5,Sci-Fi
318,100,3,Adventure
147,99,1,Comedy
842,67,2,Sci-Fi
211,93,1,Comedy
471,50,5,Comedy
119,1,3,Comedy
955,6,5,Drama
893,12,3,Comedy
479,6,1,Drama
534,99,3,Comedy
24,74,3,Horror
655,27,3,Sci-Fi
206,25,3,Horror
284,69,3,Action
792,57,1,Romance
280,20,2,Horror
281,15,1,Action
982,80,5,Adventure
527,14,2,Sci-Fi
556,45,5,Action
327,35,2,Horror
966,91,3,Drama
588,32,2,Comedy
73,40,5,Comedy
914,44,5,Comedy
455,7,2,Comedy
30,61,1,Drama
109,50,1,Comedy
89,55,4,Drama
184,91,5,Drama
913,76,4,Sci-Fi
632,46,3,Sci-Fi
341,26,5,Drama
81,97,4,Drama
582,17,1,Adventure
833,90,4,Sci-Fi
100,59,3,Horror
701,83,4,Horror
482,30,2,Comedy
148,79,3,Documentary
935,47,4,Horror
188,90,3,Sci-Fi
808,42,4,Romance
500,4,1,Sci-Fi
487,15,3,Action
491,60,2,Comedy
290,99,3,Comedy
619,74,2,Horror
521,14,4,Sci-Fi
838,92,1,Documentary
334,72,1,Romance
812,39,5,Adventure
473,52,5,Horror
424,31,5,Adventure
250,71,2,Action
998,62,4,Sci-Fi
68,44,2,Comedy
834,89,5,Romance
442,56,5,Romance
807,44,5,Comedy
711,31,2,Adventure
679,86,1,Horror
758,92,5,Documentary
857,63,1,Drama
607,77,4,Romance
334,72,1,Romance
842,57,2,Romance
316,52,1,Horror
613,14,5,Sci-Fi
790,49,3,Sci-Fi
507,83,1,Horror
93,28,2,Romance
909,75,1,Comedy
776,19,2,Documentary
464,69,3,Action
400,79,5,Documentary
458,26,2,Drama
698,41,3,Horror
584,87,3,Adventure
941,56,3,Romance
92,75,1,Comedy
627,66,4,Horror
868,17,3,Adventure
64,48,5,Comedy
992,7,1,Comedy
721,72,3,Romance
113,37,1,Documentary
241,56,5,Romance
404,81,3,Documentary
729,49,4,Sci-Fi
391,56,5,Romance
217,85,2,Sci-Fi
487,18,2,Sci-Fi
569,50,3,Comedy
861,54,2,Romance
296,86,2,Horror
138,2,1,Action
664,3,2,Horror
739,63,4,Drama
999,18,1,Sci-Fi
141,83,4,Horror
881,59,5,Horror
953,55,5,Drama
185,59,5,Horror
435,71,4,Action
394,46,2,Sci-Fi
191,55,5,Drama
8,74,4,Horror
868,94,2,Action
730,65,3,Adventure
421,70,5,Sci-Fi
376,5,1,Sci-Fi
582,62,3,Sci-Fi
116,75,4,Comedy
985,89,1,Romance
146,94,5,Action
880,97,3,Drama
477,67,1,Sci-Fi
536,79,1,Documentary
252,61,1,Drama
701,82,5,Drama
818,75,3,Comedy
628,7,3,Comedy
548,100,1,Adventure
481,59,5,Horror
928,61,5,Drama
752,43,4,Sci-Fi
362,38,3,Comedy
172,5,5,Sci-Fi
768,39,5,Adventure
267,8,4,Comedy
593,22,5,Drama
53,85,3,Sci-Fi
829,95,5,Comedy
28,37,4,Documentary
85,17,5,Adventure
79,36,3,Action
136,79,3,Documentary
282,33,1,Romance
760,15,5,Action
179,76,2,Sci-Fi
675,58,3,Sci-Fi
828,23,3,Adventure
802,90,2,Sci-Fi
497,24,5,Romance
883,5,3,Sci-Fi
87,19,5,Documentary
957,20,4,Horror
771,53,4,Documentary
244,85,4,Sci-Fi
744,82,2,Drama
216,74,3,Horror
56,83,3,Horror
774,15,1,Action
172,60,4,Comedy
488,39,4,Adventure
765,97,5,Drama
240,49,4,Sci-Fi
486,34,2,Romance
544,56,1,Romance
296,58,4,Sci-Fi
695,41,5,Horror
700,6,1,Drama
940,69,3,Action
980,56,5,Romance
941,84,3,Drama
344,35,3,Horror
822,13,3,Sci-Fi
671,75,4,Comedy
473,99,2,Comedy
752,87,5,Adventure
789,25,5,Horror
346,87,2,Adventure
321,71,1,Action
689,2,1,Action
13,53,1,Documentary
538,14,4,Sci-Fi
360,29,3,Comedy
258,25,1,Horror
25,80,1,Adventure
59,77,2,Romance
974,77,1,Romance
726,16,1,Sci-Fi
877,78,2,Sci-Fi
385,85,5,Sci-Fi
823,24,1,Romance
713,24,3,Romance
302,60,1,Comedy
655,59,3,Horror
788,55,3,Drama
264,21,1,Action
284,100,1,Adventure
392,50,3,Comedy
62,34,3,Romance
183,57,1,Romance
504,26,5,Drama
403,23,4,Adventure
112,19,5,Documentary
788,56,2,Romance
629,83,1,Horror
935,57,3,Romance
106,5,1,Sci-Fi
73,74,3,Horror
796,58,1,Sci-Fi
919,64,2,Documentary
669,82,1,Drama
956,5,4,Sci-Fi
273,20,3,Horror
927,51,5,Adventure
4,66,4,Horror
490,56,4,Romance
865,94,1,Action
554,29,1,Comedy
394,89,4,Romance
125,73,5,Adventure
958,46,3,Sci-Fi
699,39,4,Adventure
57,81,1,Documentary
375,69,3,Action
83,59,3,Horror
664,26,2,Drama
568,6,4,Drama
677,25,3,Horror
713,50,1,Comedy
646,89,3,Romance
499,11,4,Action
753,25,2,Horror
37,25,1,Horror
738,76,2,Sci-Fi
501,50,1,Comedy
812,70,3,Sci-Fi
512,69,4,Action
990,3,1,Horror
348,8,3,Comedy
807,93,1,Comedy
416,16,2,Sci-Fi
827,84,5,Drama
470,87,5,Adventure
153,95,5,Comedy
239,10,1,Action
754,19,4,Documentary
670,3,4,Horror
929,80,1,Adventure
249,90,2,Sci-Fi
15,23,1,Adventure
927,40,1,Comedy
468,79,2,Documentary
856,76,1,Sci-Fi
838,14,1,Sci-Fi
510,77,5,Romance
226,9,2,Adventure
437,44,4,Comedy
333,16,5,Sci-Fi
559,18,3,Sci-Fi
857,28,1,Romance
608,23,3,Adventure
65,16,3,Sci-Fi
145,97,4,Drama
173,90,3,Sci-Fi
567,22,4,Drama
250,75,1,Comedy
137,13,5,Sci-Fi
386,100,2,Adventure
17,63,1,Drama
7,1,2,Comedy
949,12,5,Comedy
909,37,4,Documentary
711,99,4,Comedy
709,17,2,Adventure
147,82,3,Drama
536,58,4,Sci-Fi
245,23,5,Adventure
709,5,5,Sci-Fi
185,92,4,Documentary
627,12,3,Comedy
357,54,1,Romance
572,31,2,Adventure
121,68,1,Romance
634,47,5,Horror
520,29,4,Comedy
789,81,2,Documentary
284,7,2,Comedy
116,20,4,Horror
510,23,2,Adventure
687,6,1,Drama
661,47,3,Horror
215,56,3,Romance
343,79,4,Documentary
45,14,1,Sci-Fi
948,69,2,Action
162,4,4,Sci-Fi
528,15,1,Action
917,31,4,Adventure
607,75,3,Comedy
430,26,3,Drama
236,100,1,Adventure
334,30,1,Comedy
243,95,4,Comedy
891,26,4,Drama
913,29,1,Comedy
483,75,4,Comedy
56,56,2,Romance
222,79,4,Documentary
183,50,3,Comedy
140,59,2,Horror
648,46,3,Sci-Fi
208,43,2,Sci-Fi
33,89,5,Romance
62,36,2,Action
114,60,4,Comedy
429,22,3,Drama
226,38,5,Comedy
161,82,5,Drama
928,22,5,Drama
994,71,2,Action
89,53,5,Documentary
501,28,5,Romance
485,60,3,Comedy
15,94,4,Action
754,32,2,Comedy
336,56,5,Romance
228,76,2,Sci-Fi
936,74,1,Horror
428,6,1,Drama
482,94,5,Action
35,55,5,Drama
404,62,1,Sci-Fi
464,64,2,Documentary
86,72,1,Romance
710,94,4,Action
973,28,2,Romance
368,38,2,Comedy
664,12,1,Comedy
492,86,3,Horror
166,91,4,Drama
879,74,5,Horror
25,59,4,Horror
791,18,4,Sci-Fi
190,48,4,Comedy
721,82,1,Drama
882,81,1,Documentary
395,89,3,Romance
544,5,3,Sci-Fi
437,97,3,Drama
715,79,5,Documentary
590,27,1,Sci-Fi
636,43,1,Sci-Fi
528,87,3,Adventure
910,7,1,Comedy
393,47,4,Horror
634,6,3,Drama
376,23,5,Adventure
722,9,5,Adventure
727,100,2,Adventure
142,43,2,Sci-Fi
553,15,4,Action
756,97,5,Drama
893,90,2,Sci-Fi
772,96,2,Drama
329,46,3,Sci-Fi
516,88,4,Adventure
284,7,1,Comedy
382,45,4,Action
498,65,5,Adventure
850,16,4,Sci-Fi
727,69,5,Action
922,38,4,Comedy
636,48,1,Comedy
193,59,1,Horror
83,51,2,Adventure
296,10,1,Action
169,36,1,Action
714,19,4,Documentary
155,27,5,Sci-Fi
975,81,1,Documentary
301,54,5,Romance
955,17,4,Adventure
356,54,4,Romance
756,83,1,Horror
299,25,1,Horror
23,30,5,Comedy
661,43,4,Sci-Fi
593,44,3,Comedy
498,76,5,Sci-Fi
863,71,4,Action
469,39,5,Adventure
136,40,2,Comedy
809,34,2,Romance
496,48,3,Comedy
789,7,2,Comedy
362,37,4,Documentary
980,22,5,Drama
947,21,5,Action
293,24,2,Romance
860,91,2,Drama
166,31,1,Adventure
43,41,5,Horror
130,57,3,Romance
379,24,2,Romance
576,91,1,Drama
682,41,3,Horror
152,48,4,Comedy
553,21,5,Action
309,16,1,Sci-Fi
415,64,2,Documentary
971,59,3,Horror
160,1,5,Comedy
1000,65,3,Adventure
663,91,3,Drama
486,38,5,Comedy
683,19,5,Documentary
747,57,3,Romance
706,15,4,Action
922,6,2,Drama
695,71,1,Action
316,4,4,Sci-Fi
633,29,4,Comedy
366,12,3,Comedy
57,78,2,Sci-Fi
598,68,2,Romance
801,99,3,Comedy
201,3,1,Horror
552,58,1,Sci-Fi
1000,66,4,Horror
200,63,3,Drama
618,78,5,Sci-Fi
967,8,3,Comedy
408,19,4,Documentary
379,50,3,Comedy
13,37,3,Documentary
360,40,4,Comedy
896,72,1,Romance
221,94,4,Action
760,54,4,Romance
296,21,4,Action
747,54,2,Romance
856,76,5,Sci-Fi
89,19,2,Documentary
311,61,5,Drama
344,9,5,Adventure
775,49,1,Sci-Fi
7,53,3,Documentary
425,23,5,Adventure
474,91,5,Drama
774,18,2,Sci-Fi
191,49,3,Sci-Fi
568,63,1,Drama
843,39,5,Adventure
312,64,5,Documentary
758,60,2,Comedy
28,1,2,Comedy
269,39,4,Adventure
128,84,3,Drama
428,23,4,Adventure
929,89,2,Romance
30,16,3,Sci-Fi
505,9,5,Adventure
764,47,5,Horror
493,73,4,Adventure
890,34,4,Romance
998,89,1,Romance
383,66,5,Horror
18,34,2,Romance
596,8,2,Comedy
328,60,2,Comedy
366,21,1,Action
280,47,4,Horror
652,46,1,Sci-Fi
297,38,5,Comedy
655,10,5,Action
199,99,2,Comedy
784,13,5,Sci-Fi
771,22,5,Drama
331,41,3,Horror
278,88,3,Adventure
99,69,5,Action
361,19,1,Documentary
141,67,3,Sci-Fi
382,100,4,Adventure
422,44,2,Comedy
105,28,2,Romance
516,29,2,Comedy
815,72,5,Romance
707,68,5,Romance
730,71,1,Action
428,59,1,Horror
120,17,1,Adventure
492,45,3,Action
708,47,2,Horror
837,57,5,Romance
536,98,3,Adventure
177,91,3,Drama
30,96,1,Drama
228,17,2,Adventure
705,30,3,Comedy
129,27,2,Sci-Fi
81,55,1,Drama
80,3,4,Horror
776,56,1,Romance
202,14,1,Sci-Fi
813,85,5,Sci-Fi
608,8,4,Comedy
122,33,1,Romance
68,39,1,Adventure
773,13,1,Sci-Fi
943,78,2,Sci-Fi
602,26,2,Drama
687,45,1,Action
93,19,3,Documentary
972,75,3,Comedy
361,21,5,Action
800,94,5,Action
248,65,5,Adventure
70,13,5,Sci-Fi
782,2,5,Action
223,92,2,Documentary
988,37,2,Documentary
924,97,5,Drama
5,93,1,Comedy
947,28,5,Romance
872,91,4,Drama
376,90,5,Sci-Fi
190,57,1,Romance
186,46,4,Sci-Fi
435,28,5,Romance
234,53,1,Documentary
780,41,1,Horror
478,15,5,Action
140,64,3,Documentary
722,37,5,Documentary
740,6,1,Drama
336,64,1,Documentary
395,37,4,Documentary
615,95,3,Comedy
704,57,2,Romance
568,53,3,Documentary
876,55,2,Drama
878,9,4,Adventure
962,87,3,Adventure
184,2,4,Action
689,14,4,Sci-Fi
449,67,1,Sci-Fi
123,19,4,Documentary
411,89,5,Romance
105,95,2,Comedy
67,47,2,Horror
347,26,5,Drama
865,52,1,Horror
239,55,4,Drama
286,98,5,Adventure
608,35,4,Horror
365,61,5,Drama
973,52,4,Horror
524,36,2,Action
787,59,1,Horror
126,33,4,Romance
510,30,2,Comedy
31,13,1,Sci-Fi
851,9,4,Adventure
695,4,2,Sci-Fi
392,78,3,Sci-Fi
157,39,5,Adventure
639,13,1,Sci-Fi
677,97,5,Drama
786,64,4,Documentary
207,38,4,Comedy
503,65,3,Adventure
556,44,5,Comedy
560,3,1,Horror
441,16,4,Sci-Fi
461,41,4,Horror
454,59,1,Horror
34,23,5,Adventure
676,100,3,Adventure
906,91,2,Drama
504,56,2,Romance
320,92,4,Documentary
500,98,1,Adventure
583,87,4,Adventure
676,71,5,Action
586,61,4,Drama
576,21,5,Action
58,51,3,Adventure
507,76,4,Sci-Fi
632,87,3,Adventure
785,37,3,Documentary
63,4,5,Sci-Fi
47,17,3,Adventure
358,95,5,Comedy
28,98,3,Adventure
390,13,4,Sci-Fi
354,46,4,Sci-Fi
360,8,2,Comedy
254,31,3,Adventure
607,11,1,Action
890,40,1,Comedy
346,22,1,Drama
552,42,1,Romance
472,85,4,Sci-Fi
582,66,4,Horror
274,3,4,Horror
603,3,3,Horror
387,74,4,Horror
331,74,1,Horror
828,63,1,Drama
708,87,2,Adventure
345,64,5,Documentary
831,98,3,Adventure
171,79,3,Documentary
373,56,2,Romance
509,82,1,Drama
861,69,2,Action
295,34,1,Romance
305,74,4,Horror
824,29,5,Comedy
761,12,5,Comedy
98,76,3,Sci-Fi
280,9,5,Adventure
821,68,4,Romance
438,27,3,Sci-Fi
815,10,3,Action
517,39,4,Adventure
680,70,3,Sci-Fi
205,54,4,Romance
258,80,5,Adventure
465,86,5,Horror
185,3,5,Horror
884,24,5,Romance
512,28,4,Romance
275,82,5,Drama
829,79,4,Documentary
958,73,1,Adventure
535,26,3,Drama
474,19,2,Documentary
155,96,3,Drama
865,56,4,Romance
327,9,2,Adventure
867,53,3,Documentary
844,37,2,Documentary
263,88,5,Adventure
242,52,2,Horror
117,20,2,Horror
29,32,3,Comedy
476,63,5,Drama
447,55,1,Drama
207,21,3,Action
140,4,3,Sci-Fi
809,36,5,Action
181,83,1,Horror
987,93,4,Comedy
802,3,1,Horror
881,11,3,Action
617,39,1,Adventure
923,53,3,Documentary
688,85,1,Sci-Fi
407,93,2,Comedy
242,15,5,Action
753,65,1,Adventure
535,86,5,Horror
973,100,5,Adventure
258,64,1,Documentary
244,77,1,Romance
792,41,3,Horror
853,75,4,Comedy
826,96,2,Drama
958,55,2,Drama
148,14,2,Sci-Fi
220,36,4,Action
419,33,5,Romance
58,63,5,Drama
384,90,1,Sci-Fi
325,70,4,Sci-Fi
487,88,2,Adventure
987,36,2,Action
372,61,3,Drama
842,40,1,Comedy
661,78,1,Sci-Fi
862,95,1,Comedy
708,86,2,Horror
260,71,4,Action
317,82,3,Drama
925,88,1,Adventure
548,31,4,Adventure
398,2,4,Action
950,33,3,Romance
93,97,2,Drama
305,27,2,Sci-Fi
938,57,3,Romance
901,99,4,Comedy
809,5,3,Sci-Fi
888,11,4,Action
483,95,4,Comedy
949,43,4,Sci-Fi
898,13,2,Sci-Fi
716,34,5,Romance
68,46,4,Sci-Fi
617,94,5,Action
756,42,4,Romance
712,4,1,Sci-Fi
657,83,2,Horror
646,57,2,Romance
4,52,2,Horror
644,40,3,Comedy
590,11,1,Action
162,32,5,Comedy
731,99,2,Comedy
868,77,4,Romance
812,41,4,Horror
490,95,2,Comedy
267,23,5,Adventure
847,42,3,Romance
204,11,4,Action
377,24,4,Romance
898,49,5,Sci-Fi
230,3,1,Horror
946,72,5,Romance
642,30,1,Comedy
998,60,2,Comedy
269,90,2,Sci-Fi
51,52,5,Horror
440,77,3,Romance
153,12,3,Comedy
175,73,1,Adventure
15,92,5,Documentary
446,99,4,Comedy
848,87,4,Adventure
122,29,2,Comedy
196,35,3,Horror
765,64,4,Documentary
134,56,2,Romance
615,28,3,Romance
745,87,2,Adventure
429,24,4,Romance
812,19,1,Documentary
298,34,2,Romance
633,58,2,Sci-Fi
379,75,4,Comedy
88,2,4,Action
137,42,4,Romance
704,28,4,Romance
726,55,5,Drama
263,10,1,Action
571,8,1,Comedy
341,31,4,Adventure
931,46,5,Sci-Fi
962,86,5,Horror
727,96,1,Drama
6,33,5,Romance
635,49,3,Sci-Fi
405,86,3,Horror
136,72,1,Romance
595,23,3,Adventure
174,65,4,Adventure
953,44,4,Comedy
136,12,3,Comedy
728,68,4,Romance
146,34,1,Romance
321,6,2,Drama
512,36,3,Action
949,56,3,Romance
925,34,5,Romance
850,98,3,Adventure
530,41,4,Horror
915,22,3,Drama
755,63,2,Drama
570,85,4,Sci-Fi
55,25,2,Horror
56,30,2,Comedy
37,61,3,Drama
168,91,4,Drama
447,15,4,Action
42,57,3,Romance
727,72,4,Romance
469,64,1,Documentary
867,93,2,Comedy
127,45,1,Action
209,37,2,Documentary
855,22,5,Drama
843,35,5,Horror
913,85,5,Sci-Fi
218,75,1,Comedy
539,99,5,Comedy
185,54,1,Romance
253,99,4,Comedy
694,13,3,Sci-Fi
27,37,1,Documentary
404,48,5,Comedy
952,14,3,Sci-Fi
158,4,1,Sci-Fi
472,91,4,Drama
465,81,3,Documentary
609,85,1,Sci-Fi
338,6,5,Drama
974,58,3,Sci-Fi
971,94,5,Action
133,28,1,Romance
821,83,3,Horror
331,8,1,Comedy
561,78,4,Sci-Fi
95,52,3,Horror
183,31,4,Adventure
92,3,2,Horror
167,50,4,Comedy
292,83,2,Horror
124,39,4,Adventure
821,56,3,Romance
926,88,5,Adventure
135,46,1,Sci-Fi
853,48,5,Comedy
205,63,4,Drama
907,50,4,Comedy
275,73,5,Adventure
434,12,4,Comedy
831,48,5,Comedy
191,56,4,Romance
96,6,5,Drama
350,60,2,Comedy
664,88,2,Adventure
954,64,5,Documentary
645,83,5,Horror
86,38,4,Comedy
448,11,4,Action
308,20,2,Horror
701,39,2,Adventure
536,55,3,Drama
583,7,5,Comedy
79,6,5,Drama
111,66,4,Horror
423,13,4,Sci-Fi
677,93,5,Comedy
833,33,3,Romance
261,75,1,Comedy
788,65,1,Adventure
117,95,4,Comedy
184,24,4,Romance
47,11,4,Action
898,91,3,Drama
322,76,4,Sci-Fi
776,86,4,Horror
639,34,3,Romance
990,24,2,Romance
190,11,5,Action
266,87,1,Adventure
445,69,1,Action
6,51,1,Adventure
14,22,4,Drama
472,89,4,Romance
890,85,5,Sci-Fi
744,63,3,Drama
634,79,3,Documentary
708,87,4,Adventure
824,39,1,Adventure
129,18,1,Sci-Fi
196,15,1,Action
713,25,1,Horror
215,62,2,Sci-Fi
666,31,4,Adventure
863,81,5,Documentary
196,12,3,Comedy
789,60,2,Comedy
486,55,1,Drama
120,22,2,Drama
757,90,4,Sci-Fi
987,63,4,Drama
21,58,5,Sci-Fi
249,26,3,Drama
584,51,1,Adventure
342,2,1,Action
646,92,4,Documentary
426,64,5,Documentary
611,94,5,Action
298,5,4,Sci-Fi
410,63,5,Drama
606,93,5,Comedy
958,87,4,Adventure
238,92,1,Documentary
541,3,4,Horror
591,41,5,Horror
66,35,4,Horror
911,61,1,Drama
507,80,3,Adventure
460,90,4,Sci-Fi
22,21,3,Action
744,25,4,Horror
353,57,2,Romance
520,29,5,Comedy
931,88,3,Adventure
944,78,4,Sci-Fi
135,38,4,Comedy
983,54,3,Romance
816,61,2,Drama
637,27,3,Sci-Fi
708,96,1,Drama
684,62,2,Sci-Fi
178,26,2,Drama
621,63,1,Drama
813,54,4,Romance
311,31,2,Adventure
571,7,1,Comedy
368,34,3,Romance
694,21,2,Action
848,65,1,Adventure
827,9,3,Adventure
441,15,5,Action
233,16,5,Sci-Fi
230,63,3,Drama
349,46,1,Sci-Fi
789,72,3,Romance
918,20,5,Horror
619,86,1,Horror
724,7,4,Comedy
819,59,1,Horror
999,14,5,Sci-Fi
625,14,5,Sci-Fi
43,65,1,Adventure
172,81,1,Documentary
892,27,3,Sci-Fi
161,94,3,Action
726,57,5,Romance
511,94,1,Action
158,83,3,Horror
343,18,1,Sci-Fi
869,26,4,Drama
993,54,1,Romance
252,61,3,Drama
294,65,2,Adventure
88,35,3,Horror
733,97,4,Drama
370,81,2,Documentary
156,97,5,Drama
432,30,2,Comedy
822,55,4,Drama
941,53,4,Documentary
975,67,3,Sci-Fi
967,4,4,Sci-Fi
150,99,1,Comedy
735,67,1,Sci-Fi
87,44,3,Comedy
412,99,2,Comedy
445,8,4,Comedy
778,5,2,Sci-Fi
925,74,1,Horror
647,92,5,Documentary
997,38,4,Comedy
412,88,5,Adventure
895,39,3,Adventure
932,45,1,Action
847,36,5,Action
626,19,4,Documentary
457,83,2,Horror
909,70,5,Sci-Fi
808,80,4,Adventure
715,45,4,Action
795,26,3,Drama
87,5,5,Sci-Fi
343,50,2,Comedy
533,70,3,Sci-Fi
219,12,5,Comedy
566,40,5,Comedy
349,97,2,Drama
24,4,5,Sci-Fi
607,34,2,Romance
853,100,3,Adventure
744,55,5,Drama
114,94,1,Action
862,48,3,Comedy
643,65,3,Adventure
127,7,1,Comedy
460,39,5,Adventure
755,1,4,Comedy
348,31,5,Adventure
580,92,5,Documentary
865,77,2,Romance
359,39,3,Adventure
683,92,5,Documentary
689,18,4,Sci-Fi
533,95,2,Comedy
108,42,5,Romance
597,25,3,Horror
466,13,2,Sci-Fi
729,55,4,Drama
84,12,1,Comedy
436,17,4,Adventure
220,58,1,Sci-Fi
379,87,5,Adventure
413,76,5,Sci-Fi
532,100,4,Adventure
893,34,5,Romance
511,82,4,Drama
451,89,4,Romance
750,54,2,Romance
148,65,2,Adventure
497,92,4,Documentary
133,91,5,Drama
884,68,1,Romance
712,28,4,Romance
485,5,2,Sci-Fi
967,72,3,Romance
944,16,5,Sci-Fi
873,53,1,Documentary
124,48,5,Comedy
297,6,5,Drama
157,16,3,Sci-Fi
313,48,3,Comedy
302,63,1,Drama
811,19,2,Documentary
803,76,4,Sci-Fi
50,40,3,Comedy
221,24,4,Romance
3,16,5,Sci-Fi
358,9,1,Adventure
428,62,5,Sci-Fi
318,73,4,Adventure
922,44,4,Comedy
487,93,5,Comedy
136,98,2,Adventure
517,82,4,Drama
780,58,4,Sci-Fi
153,94,3,Action
92,80,5,Adventure
420,50,2,Comedy
922,51,3,Adventure
554,6,4,Drama
754,36,1,Action
887,22,1,Drama
586,81,3,Documentary
575,83,1,Horror
660,72,1,Romance
198,80,5,Adventure
591,97,1,Drama
981,73,5,Adventure
194,97,4,Drama
515,3,1,Horror
675,69,2,Action
986,3,3,Horror
806,27,2,Sci-Fi
850,91,5,Drama
455,11,5,Action
622,42,4,Romance
604,6,4,Drama
883,3,3,Horror
448,24,4,Romance
25,68,3,Romance
392,33,1,Romance
118,13,5,Sci-Fi
173,37,2,Documentary
188,33,1,Romance
158,40,4,Comedy
695,22,1,Drama
630,42,2,Romance
28,92,1,Documentary
306,50,1,Comedy
328,19,4,Documentary
915,42,3,Romance
385,16,1,Sci-Fi
208,31,5,Adventure
601,31,4,Adventure
521,97,5,Drama
395,15,3,Action
63,41,4,Horror
567,53,1,Documentary
496,4,4,Sci-Fi
649,30,1,Comedy
276,71,5,Action
692,13,2,Sci-Fi
782,72,2,Romance
312,73,4,Adventure
457,11,5,Action
209,19,3,Documentary
554,22,2,Drama
551,55,5,Drama
463,6,1,Drama
833,60,5,Comedy
297,84,2,Drama
1,8,4,Comedy
280,77,3,Romance
860,88,4,Adventure
360,81,2,Documentary
600,66,3,Horror
47,21,5,Action
577,9,3,Adventure
92,51,1,Adventure
851,18,5,Sci-Fi
287,56,2,Romance
626,65,3,Adventure
906,88,3,Adventure
651,34,4,Romance
280,32,3,Comedy
350,27,4,Sci-Fi
983,77,3,Romance
17,89,2,Romance
662,1,5,Comedy
488,1,1,Comedy
689,23,4,Adventure
570,90,4,Sci-Fi
781,51,5,Adventure
84,84,1,Drama
552,4,4,Sci-Fi
689,16,3,Sci-Fi
996,49,5,Sci-Fi
367,50,2,Comedy
860,99,1,Comedy
128,60,3,Comedy
959,25,4,Horror
10,29,1,Comedy
777,36,3,Action
197,12,5,Comedy
641,39,2,Adventure
240,64,3,Documentary
38,36,4,Action
927,91,5,Drama
215,1,2,Comedy
841,82,4,Drama
114,36,5,Action
513,64,2,Documentary
566,25,5,Horror
689,88,5,Adventure
579,23,1,Adventure
603,17,1,Adventure
131,34,5,Romance
877,30,5,Comedy
747,36,2,Action
869,87,1,Adventure
994,89,5,Romance
630,33,5,Romance
905,59,1,Horror
961,55,1,Drama
875,42,4,Romance
865,53,3,Documentary
125,88,5,Adventure
478,64,3,Documentary
530,98,1,Adventure
906,93,2,Comedy
49,36,4,Action
546,58,3,Sci-Fi
6,51,2,Adventure
343,11,5,Action
828,4,2,Sci-Fi
707,55,1,Drama
940,32,2,Comedy
169,43,3,Sci-Fi
65,81,1,Documentary
29,62,4,Sci-Fi
828,4,5,Sci-Fi
817,81,3,Documentary
861,33,2,Romance
111,61,2,Drama
982,44,1,Comedy
842,43,5,Sci-Fi
814,31,1,Adventure
795,77,5,Romance
450,98,1,Adventure
641,58,5,Sci-Fi
128,11,1,Action
939,5,4,Sci-Fi
321,89,1,Romance
802,17,1,Adventure
942,57,1,Romance
309,79,4,Documentary
68,14,1,Sci-Fi
573,7,3,Comedy
871,49,4,Sci-Fi
99,80,4,Adventure
239,77,5,Romance
11,59,4,Horror
476,55,5,Drama
635,13,3,Sci-Fi
667,87,1,Adventure
465,67,3,Sci-Fi
602,25,1,Horror
106,2,5,Action
731,9,5,Adventure
809,25,5,Horror
130,82,5,Drama
263,46,4,Sci-Fi
493,93,5,Comedy
456,24,2,Romance
141,6,1,Drama
131,40,5,Comedy
447,66,3,Horror
319,75,5,Comedy
795,19,2,Documentary
481,40,5,Comedy
352,38,3,Comedy
994,2,5,Action
601,85,2,Sci-Fi
59,31,5,Adventure
839,72,1,Romance
433,45,2,Action
1000,26,2,Drama
805,9,3,Adventure
194,86,4,Horror
712,89,4,Romance
615,89,3,Romance
873,75,5,Comedy
987,43,5,Sci-Fi
307,54,3,Romance
167,14,4,Sci-Fi
898,6,4,Drama
225,1,2,Comedy
710,30,4,Comedy
639,28,2,Romance
493,95,3,Comedy
827,95,4,Comedy
211,52,2,Horror
846,1,3,Comedy
11,10,3,Action
31,72,1,Romance
146,38,4,Comedy
200,81,5,Documentary
935,98,3,Adventure
45,4,2,Sci-Fi
203,37,2,Documentary
225,34,2,Romance
348,71,2,Action
183,26,1,Drama
181,34,1,Romance
22,87,2,Adventure
389,84,1,Drama
347,27,3,Sci-Fi
468,31,3,Adventure
829,48,2,Comedy
964,68,5,Romance
903,56,1,Romance
122,19,2,Documentary
814,25,2,Horror
546,49,3,Sci-Fi
326,77,4,Romance
652,32,1,Comedy
782,79,5,Documentary
194,69,3,Action
809,20,3,Horror
254,7,3,Comedy
894,17,5,Adventure
992,75,4,Comedy
215,94,1,Action
804,61,5,Drama
67,22,5,Drama
398,97,5,Drama
384,64,5,Documentary
476,23,3,Adventure
730,48,5,Comedy
712,62,4,Sci-Fi
486,35,5,Horror
411,82,5,Drama
666,5,2,Sci-Fi
225,26,4,Drama
884,31,4,Adventure
224,40,4,Comedy
911,49,5,Sci-Fi
161,48,3,Comedy
564,11,2,Action
770,11,3,Action
456,67,3,Sci-Fi
236,75,1,Comedy
477,66,5,Horror
345,55,4,Drama
479,56,4,Romance
377,64,3,Documentary
280,49,1,Sci-Fi
184,57,2,Romance
272,83,1,Horror
368,11,3,Action
863,65,5,Adventure
560,83,1,Horror
805,36,2,Action
101,16,1,Sci-Fi
369,5,5,Sci-Fi
206,43,2,Sci-Fi
692,43,3,Sci-Fi
310,96,3,Drama
196,91,5,Drama
142,97,5,Drama
935,34,1,Romance
789,39,3,Adventure
843,45,4,Action
969,52,5,Horror
776,84,1,Drama
484,84,5,Drama
780,20,4,Horror
234,30,2,Comedy
486,30,5,Comedy
602,71,4,Action
740,60,3,Comedy
811,11,3,Action
867,25,4,Horror
789,90,4,Sci-Fi
215,57,4,Romance
874,72,1,Romance
384,18,5,Sci-Fi
895,17,3,Adventure
966,95,1,Comedy
512,85,3,Sci-Fi
348,29,4,Comedy
436,88,4,Adventure
782,100,5,Adventure
307,42,5,Romance
24,73,1,Adventure
945,18,2,Sci-Fi
976,43,5,Sci-Fi
645,78,5,Sci-Fi
588,51,4,Adventure
210,51,1,Adventure
548,50,2,Comedy
487,14,3,Sci-Fi
584,58,3,Sci-Fi
96,22,1,Drama
692,71,2,Action
33,89,5,Romance
501,4,2,Sci-Fi
204,9,4,Adventure
291,27,2,Sci-Fi
299,85,5,Sci-Fi
72,59,1,Horror
378,67,1,Sci-Fi
176,42,4,Romance
401,21,1,Action
133,69,4,Action
490,96,1,Drama
399,27,2,Sci-Fi
892,27,3,Sci-Fi
443,91,4,Drama
163,78,5,Sci-Fi
962,40,5,Comedy
208,65,4,Adventure
283,26,1,Drama
147,58,1,Sci-Fi
845,52,5,Horror
827,32,5,Comedy
337,73,4,Adventure
472,60,5,Comedy
41,95,1,Comedy
295,83,4,Horror
356,90,3,Sci-Fi
401,79,2,Documentary
426,32,2,Comedy
922,80,4,Adventure
469,50,2,Comedy
716,73,1,Adventure
403,90,1,Sci-Fi
246,21,3,Action
904,81,5,Documentary
299,86,1,Horror
715,93,2,Comedy
931,64,4,Documentary
781,71,1,Action
378,10,1,Action
517,99,3,Comedy
420,58,2,Sci-Fi
259,27,5,Sci-Fi
46,60,1,Comedy
75,82,4,Drama
391,44,4,Comedy
877,25,4,Horror
39,2,3,Action
118,91,2,Drama
335,86,4,Horror
497,60,1,Comedy
85,71,2,Action
731,57,2,Romance
483,36,2,Action
175,3,5,Horror
103,23,3,Adventure
128,69,4,Action
173,10,1,Action
694,35,2,Horror
452,46,2,Sci-Fi
222,92,1,Documentary
915,87,5,Adventure
222,57,1,Romance
857,82,5,Drama
657,85,1,Sci-Fi
400,89,3,Romance
455,7,5,Comedy
5,7,4,Comedy
786,26,2,Drama
384,31,2,Adventure
94,3,4,Horror
29,2,3,Action
841,25,1,Horror
226,13,2,Sci-Fi
742,22,1,Drama
426,66,1,Horror
836,42,3,Romance
576,81,2,Documentary
640,27,5,Sci-Fi
405,55,1,Drama
238,28,1,Romance
366,42,2,Romance
16,52,3,Horror
13,50,2,Comedy
470,29,1,Comedy
674,36,5,Action
378,6,1,Drama
907,28,4,Romance
309,99,5,Comedy
512,14,5,Sci-Fi
811,73,2,Adventure
258,13,5,Sci-Fi
333,81,4,Documentary
695,99,2,Comedy
341,23,3,Adventure
872,86,4,Horror
70,43,1,Sci-Fi
624,75,4,Comedy
392,66,2,Horror
516,76,1,Sci-Fi
239,3,5,Horror
778,16,3,Sci-Fi
243,95,4,Comedy
776,32,5,Comedy
82,8,2,Comedy
384,64,3,Documentary
207,20,4,Horror
210,83,1,Horror
244,93,5,Comedy
969,57,3,Romance
138,36,3,Action
660,98,1,Adventure
534,54,3,Romance
769,4,2,Sci-Fi
868,94,3,Action
351,32,2,Comedy
553,7,2,Comedy
821,88,2,Adventure
623,49,5,Sci-Fi
330,24,4,Romance
645,1,1,Comedy
891,63,1,Drama
977,25,1,Horror
650,19,2,Documentary
129,12,2,Comedy
607,71,2,Action
242,65,1,Adventure
437,93,4,Comedy
319,22,2,Drama
251,55,2,Drama
621,32,3,Comedy
293,74,4,Horror
991,82,2,Drama
279,62,1,Sci-Fi
974,47,4,Horror
387,22,4,Drama
452,55,5,Drama
625,95,4,Comedy
779,20,4,Horror
21,98,4,Adventure
438,11,3,Action
610,69,2,Action
567,94,2,Action
264,49,4,Sci-Fi
314,59,3,Horror
385,72,5,Romance
493,10,3,Action
140,92,4,Documentary
201,20,2,Horror
5,2,5,Action
748,93,3,Comedy
504,52,4,Horror
963,51,3,Adventure
394,63,3,Drama
657,76,1,Sci-Fi
419,5,1,Sci-Fi
395,73,2,Adventure
199,98,4,Adventure
981,33,3,Romance
522,91,4,Drama
651,89,3,Romance
714,8,4,Comedy
949,55,2,Drama
249,62,1,Sci-Fi
944,47,1,Horror
715,86,2,Horror
268,78,4,Sci-Fi
967,88,2,Adventure
261,32,5,Comedy
593,85,2,Sci-Fi
13,15,1,Action
660,92,4,Documentary
408,91,5,Drama
998,11,5,Action
932,25,4,Horror
170,55,3,Drama
709,39,5,Adventure
991,69,4,Action
601,40,4,Comedy
771,94,1,Action
112,82,5,Drama
796,45,2,Action
276,96,2,Drama
953,96,4,Drama
716,40,1,Comedy
173,63,1,Drama
100,9,4,Adventure
538,54,3,Romance
751,56,2,Romance
181,48,2,Comedy
721,18,2,Sci-Fi
499,24,5,Romance
972,15,4,Action
581,28,2,Romance
206,8,2,Comedy
829,98,2,Adventure
266,53,4,Documentary
642,80,1,Adventure
890,82,2,Drama
82,38,1,Comedy
387,16,3,Sci-Fi
66,44,1,Comedy
600,31,4,Adventure
497,87,1,Adventure
10,8,3,Comedy
770,1,5,Comedy
809,6,1,Drama
217,67,1,Sci-Fi
385,78,5,Sci-Fi
986,98,3,Adventure
955,63,4,Drama
776,44,5,Comedy
440,44,3,Comedy
699,44,3,Comedy
837,31,3,Adventure
682,52,4,Horror
626,8,3,Comedy
895,43,1,Sci-Fi
4,59,4,Horror
743,18,1,Sci-Fi
617,16,5,Sci-Fi
287,90,2,Sci-Fi
378,58,5,Sci-Fi
703,85,4,Sci-Fi
528,53,2,Documentary
4,82,3,Drama
18,82,3,Drama
895,6,3,Drama
695,57,2,Romance
622,63,4,Drama
757,79,1,Documentary
357,55,4,Drama
675,90,1,Sci-Fi
752,50,3,Comedy
622,25,2,Horror
891,67,5,Sci-Fi
804,92,5,Documentary
33,17,4,Adventure
816,12,3,Comedy
853,87,5,Adventure
896,60,2,Comedy
918,58,1,Sci-Fi
494,85,5,Sci-Fi
247,32,2,Comedy
175,97,1,Drama
109,56,1,Romance
165,42,4,Romance
785,36,2,Action
737,33,4,Romance
975,86,1,Horror
682,18,5,Sci-Fi
649,93,4,Comedy
93,89,3,Romance
893,29,5,Comedy
785,77,1,Romance
660,44,4,Comedy
933,92,4,Documentary
670,83,5,Horror
990,56,2,Romance
229,34,1,Romance
298,12,1,Comedy
92,44,5,Comedy
960,25,1,Horror
587,48,2,Comedy
874,41,4,Horror
591,95,1,Comedy
319,8,5,Comedy
549,25,4,Horror
434,41,3,Horror
817,87,2,Adventure
533,85,5,Sci-Fi
605,29,1,Comedy
405,2,5,Action
873,59,3,Horror
149,38,2,Comedy
512,88,4,Adventure
151,77,3,Romance
150,96,1,Drama
614,41,3,Horror
515,89,1,Romance
281,91,5,Drama
490,81,2,Documentary
507,38,4,Comedy
61,43,2,Sci-Fi
848,92,2,Documentary
869,94,2,Action
718,95,1,Comedy
946,100,2,Adventure
878,63,4,Drama
307,85,2,Sci-Fi
23,71,4,Action
346,55,4,Drama
357,97,4,Drama
401,10,5,Action
745,37,3,Documentary
714,25,5,Horror
404,13,2,Sci-Fi
332,97,5,Drama
887,7,3,Comedy
469,84,2,Drama
592,18,4,Sci-Fi
713,62,3,Sci-Fi
919,19,2,Documentary
224,96,2,Drama
753,84,1,Drama
371,93,5,Comedy
105,87,2,Adventure
386,55,2,Drama
949,8,1,Comedy
365,61,2,Drama
968,7,1,Comedy
528,84,3,Drama
608,56,2,Romance
643,93,4,Comedy
251,5,1,Sci-Fi
247,51,4,Adventure
310,89,5,Romance
978,23,4,Adventure
795,89,1,Romance
797,60,4,Comedy
282,81,4,Documentary
377,2,1,Action
120,11,1,Action
501,83,5,Horror
231,3,5,Horror
587,74,4,Horror
281,89,1,Romance
814,76,2,Sci-Fi
394,62,4,Sci-Fi
306,74,2,Horror
102,42,1,Romance
731,69,2,Action
416,90,1,Sci-Fi
404,72,5,Romance
803,68,4,Romance
66,67,5,Sci-Fi
552,92,1,Documentary
772,97,2,Drama
989,85,1,Sci-Fi
186,77,2,Romance
6,72,4,Romance
820,41,1,Horror
41,17,5,Adventure
212,84,2,Drama
90,72,3,Romance
872,97,1,Drama
87,16,5,Sci-Fi
306,47,5,Horror
176,55,1,Drama
255,39,1,Adventure
969,67,3,Sci-Fi
675,69,4,Action
144,74,4,Horror
712,41,5,Horror
933,46,5,Sci-Fi
552,66,2,Horror
705,13,1,Sci-Fi
243,5,2,Sci-Fi
146,39,2,Adventure
981,18,5,Sci-Fi
566,28,5,Romance
368,36,2,Action
747,80,4,Adventure
77,71,3,Action
267,49,2,Sci-Fi
410,59,1,Horror
968,33,4,Romance
963,89,2,Romance
549,27,1,Sci-Fi
645,94,3,Action
649,90,2,Sci-Fi
732,48,5,Comedy
674,83,5,Horror
620,21,4,Action
842,20,3,Horror
807,56,4,Romance
27,78,2,Sci-Fi
80,35,1,Horror
545,15,5,Action
417,9,3,Adventure
656,12,3,Comedy
932,43,3,Sci-Fi
150,29,3,Comedy
11,13,4,Sci-Fi
993,29,4,Comedy
975,14,1,Sci-Fi
180,68,3,Romance
603,63,1,Drama
542,45,5,Action
887,37,5,Documentary
278,78,1,Sci-Fi
919,7,2,Comedy
326,97,4,Drama
186,45,5,Action
565,77,4,Romance
489,76,2,Sci-Fi
266,2,5,Action
731,20,2,Horror
147,49,5,Sci-Fi
754,35,1,Horror
941,93,3,Comedy
725,100,2,Adventure
695,78,4,Sci-Fi
724,59,2,Horror
450,46,4,Sci-Fi
515,37,3,Documentary
976,55,5,Drama
965,92,2,Documentary
313,82,1,Drama
971,40,4,Comedy
790,41,1,Horror
650,11,1,Action
748,31,1,Adventure
170,74,1,Horror
87,96,3,Drama
568,64,1,Documentary
986,55,5,Drama
955,94,2,Action
492,64,5,Documentary
702,87,5,Adventure
715,16,4,Sci-Fi
15,79,2,Documentary
933,96,1,Drama
732,55,5,Drama
768,45,2,Action
757,85,5,Sci-Fi
701,78,1,Sci-Fi
622,58,2,Sci-Fi
691,98,5,Adventure
926,29,2,Comedy
77,47,2,Horror
527,46,1,Sci-Fi
433,64,4,Documentary
175,48,1,Comedy
347,87,2,Adventure
852,70,1,Sci-Fi
298,39,4,Adventure
301,34,2,Romance
3,95,5,Comedy
404,28,3,Romance
952,83,5,Horror
846,5,4,Sci-Fi
914,80,4,Adventure
59,46,1,Sci-Fi
631,59,3,Horror
306,46,1,Sci-Fi
6,45,2,Action
412,46,1,Sci-Fi
104,56,4,Romance
203,11,5,Action
527,20,4,Horror
127,63,1,Drama
160,99,3,Comedy
232,61,4,Drama
384,39,3,Adventure
439,24,5,Romance
832,35,1,Horror
450,85,4,Sci-Fi
166,18,3,Sci-Fi
766,56,1,Romance
368,91,2,Drama
114,25,3,Horror
42,18,4,Sci-Fi
432,96,3,Drama
923,5,2,Sci-Fi
683,26,4,Drama
983,86,3,Horror
122,54,4,Romance
564,64,2,Documentary
333,97,4,Drama
514,93,4,Comedy
135,15,1,Action
812,3,2,Horror
160,45,5,Action
14,99,2,Comedy
54,87,3,Adventure
440,77,1,Romance
445,62,3,Sci-Fi
289,63,1,Drama
780,55,2,Drama
633,20,5,Horror
192,32,3,Comedy
786,15,3,Action
718,32,4,Comedy
204,61,1,Drama
718,94,5,Action
626,24,2,Romance
876,76,2,Sci-Fi
235,16,2,Sci-Fi
411,5,3,Sci-Fi
197,19,4,Documentary
19,79,2,Documentary
94,7,4,Comedy
418,68,3,Romance
717,82,2,Drama
228,44,4,Comedy
491,8,5,Comedy
438,83,1,Horror
312,15,3,Action
373,36,3,Action
729,54,2,Romance
328,7,2,Comedy
42,1,1,Comedy
677,96,3,Drama
218,37,4,Documentary
287,78,1,Sci-Fi
442,24,3,Romance
972,63,3,Drama
343,39,1,Adventure
100,86,1,Horror
700,71,2,Action
340,47,3,Horror
761,100,5,Adventure
542,78,3,Sci-Fi
244,84,3,Drama
216,75,4,Comedy
90,14,2,Sci-Fi
645,96,5,Drama
124,6,5,Drama
992,84,2,Drama
198,91,4,Drama
948,13,1,Sci-Fi
965,70,5,Sci-Fi
352,39,4,Adventure
780,26,5,Drama
739,20,1,Horror
131,25,4,Horror
564,92,3,Documentary
913,98,5,Adventure
999,45,3,Action
460,81,1,Documentary
933,56,1,Romance
495,54,5,Romance
954,65,1,Adventure
171,77,3,Romance
714,17,3,Adventure
47,73,1,Adventure
814,89,2,Romance
759,51,4,Adventure
702,69,5,Action
995,10,2,Action
449,97,5,Drama
394,72,4,Romance
411,78,3,Sci-Fi
212,24,1,Romance
164,74,2,Horror
607,90,1,Sci-Fi
901,66,4,Horror
516,91,5,Drama
266,39,2,Adventure
304,91,3,Drama
566,16,2,Sci-Fi
230,6,5,Drama
244,38,1,Comedy
655,19,3,Documentary
950,18,3,Sci-Fi
895,7,2,Comedy
844,27,5,Sci-Fi
119,1,3,Comedy
648,78,3,Sci-Fi
333,11,5,Action
271,93,2,Comedy
419,79,3,Documentary
333,8,1,Comedy
844,46,2,Sci-Fi
749,36,2,Action
263,3,5,Horror
674,100,5,Adventure
109,93,4,Comedy
969,84,3,Drama
891,81,5,Documentary
565,27,4,Sci-Fi
226,42,3,Romance
209,75,4,Comedy
160,58,2,Sci-Fi
748,93,4,Comedy
378,19,4,Documentary
96,64,2,Documentary
471,24,2,Romance
194,73,4,Adventure
966,94,2,Action
664,37,1,Documentary
318,21,2,Action
838,51,5,Adventure
193,9,2,Adventure
74,55,2,Drama
466,83,4,Horror
103,93,5,Comedy
141,94,1,Action
618,13,4,Sci-Fi
394,3,1,Horror
847,2,1,Action
136,32,1,Comedy
275,19,5,Documentary
14,2,1,Action
556,95,3,Comedy
874,91,1,Drama
208,18,4,Sci-Fi
778,73,4,Adventure
836,21,3,Action
340,62,2,Sci-Fi
250,8,5,Comedy
709,35,5,Horror
127,3,1,Horror
106,70,3,Sci-Fi
106,66,4,Horror
146,1,2,Comedy
25,30,4,Comedy
395,19,3,Documentary
672,37,2,Documentary
944,88,4,Adventure
704,92,1,Documentary
504,22,1,Drama
230,14,3,Sci-Fi
366,10,5,Action
342,16,3,Sci-Fi
946,11,1,Action
620,20,2,Horror
439,68,3,Romance
615,24,4,Romance
154,86,3,Horror
640,37,3,Documentary
897,14,3,Sci-Fi
939,64,3,Documentary
956,34,1,Romance
808,1,2,Comedy
797,84,2,Drama
328,19,4,Documentary
458,93,4,Comedy
835,9,1,Adventure
592,55,3,Drama
149,12,3,Comedy
131,24,4,Romance
362,41,4,Horror
435,62,4,Sci-Fi
617,82,3,Drama
142,84,2,Drama
393,54,5,Romance
510,69,5,Action
505,69,5,Action
842,30,4,Comedy
86,75,4,Comedy
540,74,2,Horror
720,12,2,Comedy
371,1,2,Comedy
872,3,3,Horror
572,61,2,Drama
944,15,1,Action
934,45,3,Action
870,100,2,Adventure
302,59,2,Horror
856,71,4,Action
249,27,2,Sci-Fi
58,96,2,Drama
121,90,2,Sci-Fi
387,94,1,Action
713,55,3,Drama
56,90,1,Sci-Fi
679,75,1,Comedy
489,77,2,Romance
31,19,3,Documentary
145,11,2,Action
79,2,5,Action
852,54,2,Romance
784,24,4,Romance
762,18,5,Sci-Fi
716,39,4,Adventure
422,93,3,Comedy
455,83,1,Horror
294,15,2,Action
62,83,1,Horror
619,97,2,Drama
516,21,1,Action
406,55,4,Drama
568,92,3,Documentary
942,74,5,Horror
314,91,2,Drama
434,21,3,Action
997,12,5,Comedy
387,17,2,Adventure
411,80,1,Adventure
225,51,2,Adventure
843,96,5,Drama
620,10,4,Action
489,41,4,Horror
848,49,2,Sci-Fi
56,48,4,Comedy
200,35,1,Horror
107,10,3,Action
618,100,3,Adventure
29,31,3,Adventure
167,70,1,Sci-Fi
67,28,5,Romance
12,97,3,Drama
193,71,2,Action
654,5,2,Sci-Fi
276,11,5,Action
579,6,5,Drama
810,62,1,Sci-Fi
50,41,1,Horror
967,40,1,Comedy
366,97,3,Drama
982,51,5,Adventure
200,41,4,Horror
744,46,2,Sci-Fi
720,87,1,Adventure
340,53,5,Documentary
104,65,2,Adventure
25,76,4,Sci-Fi
489,76,1,Sci-Fi
298,21,2,Action
699,60,1,Comedy
907,81,1,Documentary
976,92,2,Documentary
906,28,2,Romance
788,92,2,Documentary
987,65,5,Adventure
747,78,5,Sci-Fi
953,99,3,Comedy
459,17,3,Adventure
298,47,5,Horror
877,56,1,Romance
913,92,4,Documentary
245,27,5,Sci-Fi
622,10,2,Action
581,81,4,Documentary
100,2,2,Action
785,40,5,Comedy
889,12,4,Comedy
97,59,3,Horror
174,38,2,Comedy
70,36,5,Action
373,46,1,Sci-Fi
73,23,4,Adventure
265,61,3,Drama
782,57,2,Romance
963,16,5,Sci-Fi
500,6,3,Drama
880,37,4,Documentary
419,80,2,Adventure
452,47,5,Horror
866,80,3,Adventure
383,11,4,Action
519,58,3,Sci-Fi
899,88,1,Adventure
636,83,1,Horror
759,32,5,Comedy
9,20,1,Horror
298,49,2,Sci-Fi
584,52,1,Horror
229,50,4,Comedy
686,12,3,Comedy
478,60,5,Comedy
922,60,1,Comedy
88,24,1,Romance
940,51,4,Adventure
205,52,3,Horror
67,41,3,Horror
619,63,2,Drama
720,95,4,Comedy
118,36,4,Action
40,70,2,Sci-Fi
972,61,2,Drama
656,28,3,Romance
582,5,5,Sci-Fi
793,49,1,Sci-Fi
959,47,4,Horror
485,28,1,Romance
217,3,4,Horror
277,33,2,Romance
86,19,1,Documentary
281,52,1,Horror
306,92,4,Documentary
893,54,5,Romance
220,86,3,Horror
189,7,1,Comedy
917,55,3,Drama
987,97,3,Drama
169,26,3,Drama
965,54,4,Romance
487,69,2,Action
989,90,4,Sci-Fi
364,89,5,Romance
399,2,5,Action
802,77,2,Romance
80,93,5,Comedy
632,19,3,Documentary
681,94,3,Action
15,20,4,Horror
957,19,4,Documentary
886,41,1,Horror
812,87,4,Adventure
270,67,1,Sci-Fi
462,17,4,Adventure
655,75,1,Comedy
38,28,2,Romance
431,90,5,Sci-Fi
793,22,5,Drama
387,28,3,Romance
215,25,5,Horror
979,2,3,Action
834,47,1,Horror
310,40,5,Comedy
839,16,4,Sci-Fi
665,59,4,Horror
421,46,3,Sci-Fi
849,70,4,Sci-Fi
536,98,3,Adventure
117,23,4,Adventure
439,48,2,Comedy
567,77,2,Romance
556,56,4,Romance
292,85,4,Sci-Fi
650,37,5,Documentary
961,13,1,Sci-Fi
826,14,1,Sci-Fi
666,3,5,Horror
955,53,1,Documentary
509,96,5,Drama
950,70,1,Sci-Fi
649,57,5,Romance
596,5,3,Sci-Fi
873,54,2,Romance
229,100,4,Adventure
565,49,1,Sci-Fi
201,61,1,Drama
360,60,4,Comedy
930,83,4,Horror
8,48,2,Comedy
520,37,3,Documentary
901,85,3,Sci-Fi
315,54,2,Romance
5,54,1,Romance
16,4,2,Sci-Fi
810,48,5,Comedy
840,95,5,Comedy
326,43,2,Sci-Fi
983,74,4,Horror
248,72,4,Romance
198,79,4,Documentary
849,7,5,Comedy
440,17,4,Adventure
746,23,4,Adventure
926,41,5,Horror
163,56,2,Romance
102,91,2,Drama
517,16,5,Sci-Fi
804,51,3,Adventure
858,71,2,Action
972,42,2,Romance
96,12,1,Comedy
448,2,5,Action
157,4,5,Sci-Fi
725,70,1,Sci-Fi
586,49,1,Sci-Fi
761,94,2,Action
465,82,3,Drama
192,31,2,Adventure
305,25,5,Horror
861,32,4,Comedy
789,34,1,Romance
282,11,2,Action
643,3,5,Horror
888,14,1,Sci-Fi
471,77,1,Romance
110,19,3,Documentary
269,24,1,Romance
80,64,3,Documentary
935,27,4,Sci-Fi
104,63,1,Drama
424,10,4,Action
983,81,1,Documentary
216,88,4,Adventure
385,41,4,Horror
828,21,2,Action
306,2,2,Action
676,73,5,Adventure
876,5,1,Sci-Fi
1000,44,3,Comedy
496,79,5,Documentary
560,1,2,Comedy
535,95,3,Comedy
949,16,2,Sci-Fi
621,4,5,Sci-Fi
24,67,5,Sci-Fi
780,20,2,Horror
888,47,1,Horror
921,28,1,Romance
336,18,2,Sci-Fi
86,94,2,Action
275,36,4,Action
205,12,3,Comedy
726,71,3,Action
479,96,4,Drama
447,66,4,Horror
945,25,3,Horror
178,26,3,Drama
985,51,1,Adventure
598,99,5,Comedy
320,22,2,Drama
977,93,4,Comedy
444,58,4,Sci-Fi
611,96,3,Drama
836,41,5,Horror
111,78,4,Sci-Fi
440,26,5,Drama
362,48,1,Comedy
461,22,1,Drama
982,66,3,Horror
601,53,3,Documentary
619,83,5,Horror
361,51,1,Adventure
118,24,3,Romance
440,24,3,Romance
252,10,2,Action
673,48,3,Comedy
149,100,3,Adventure
126,2,3,Action
705,2,3,Action
219,60,5,Comedy
815,42,2,Romance
576,9,4,Adventure
291,78,2,Sci-Fi
540,28,1,Romance
575,36,5,Action
969,86,1,Horror
588,83,4,Horror
699,97,4,Drama
326,41,2,Horror
202,7,4,Comedy
511,6,3,Drama
432,16,1,Sci-Fi
464,22,5,Drama
335,76,4,Sci-Fi
243,74,1,Horror
292,3,5,Horror
5,60,3,Comedy
135,52,1,Horror
918,69,5,Action
41,44,1,Comedy
72,61,1,Drama
850,54,3,Romance
282,41,3,Horror
410,11,5,Action
794,41,4,Horror
628,7,4,Comedy
306,90,4,Sci-Fi
506,83,1,Horror
864,48,5,Comedy
106,4,2,Sci-Fi
49,2,2,Action
108,42,4,Romance
232,22,1,Drama
196,93,3,Comedy
836,69,1,Action
957,89,1,Romance
266,6,1,Drama
50,39,1,Adventure
271,43,5,Sci-Fi
811,49,3,Sci-Fi
716,22,2,Drama
598,59,1,Horror
130,41,2,Horror
772,75,4,Comedy
653,58,1,Sci-Fi
535,68,2,Romance
592,62,4,Sci-Fi
1000,36,3,Action
792,94,4,Action
232,12,3,Comedy
785,38,1,Comedy
362,72,2,Romance
676,83,2,Horror
712,10,1,Action
996,64,1,Documentary
218,2,2,Action
480,50,2,Comedy
500,14,3,Sci-Fi
214,76,5,Sci-Fi
527,41,3,Horror
726,59,2,Horror
869,65,1,Adventure
937,17,2,Adventure
939,47,4,Horror
999,58,5,Sci-Fi
526,26,4,Drama
193,9,3,Adventure
434,22,3,Drama
975,74,1,Horror
151,60,1,Comedy
763,15,2,Action
17,59,2,Horror
274,4,4,Sci-Fi
678,68,4,Romance
361,34,1,Romance
950,71,1,Action
363,56,2,Romance
155,51,5,Adventure
442,66,3,Horror
55,57,3,Romance
379,13,1,Sci-Fi
665,49,4,Sci-Fi
199,38,2,Comedy
413,23,5,Adventure
283,68,5,Romance
506,67,4,Sci-Fi
112,88,1,Adventure
662,32,1,Comedy
225,15,1,Action
917,5,5,Sci-Fi
273,31,1,Adventure
545,13,3,Sci-Fi
232,80,4,Adventure
402,51,1,Adventure
226,94,3,Action
508,27,2,Sci-Fi
805,27,3,Sci-Fi
653,37,5,Documentary
295,94,1,Action
97,24,5,Romance
930,90,5,Sci-Fi
489,95,3,Comedy
874,89,2,Romance
175,41,1,Horror
171,24,3,Romance
922,59,2,Horror
986,2,4,Action
439,43,1,Sci-Fi
182,34,1,Romance
175,87,1,Adventure
609,46,4,Sci-Fi
598,1,4,Comedy
895,32,4,Comedy
113,6,1,Drama
581,88,3,Adventure
856,30,5,Comedy
516,22,2,Drama
794,13,1,Sci-Fi
312,95,3,Comedy
464,63,3,Drama
559,33,4,Romance
260,47,4,Horror
14,46,3,Sci-Fi
728,43,5,Sci-Fi
794,85,5,Sci-Fi
496,15,3,Action
703,67,1,Sci-Fi
152,53,2,Documentary
676,19,3,Documentary
510,4,2,Sci-Fi
592,95,4,Comedy
369,27,1,Sci-Fi
199,49,1,Sci-Fi
989,36,5,Action
921,58,5,Sci-Fi
180,34,3,Romance
910,43,4,Sci-Fi
604,54,3,Romance
317,25,1,Horror
594,67,3,Sci-Fi
855,79,1,Documentary
444,59,5,Horror
992,45,3,Action
113,2,4,Action
950,88,2,Adventure
478,88,2,Adventure
536,38,5,Comedy
572,86,2,Horror
311,63,3,Drama
67,38,1,Comedy
465,6,2,Drama
290,76,1,Sci-Fi
55,63,3,Drama
6,56,3,Romance
677,1,1,Comedy
258,18,3,Sci-Fi
900,37,5,Documentary
682,99,5,Comedy
159,12,3,Comedy
147,94,2,Action
443,75,1,Comedy
298,29,1,Comedy
485,46,2,Sci-Fi
832,87,4,Adventure
433,52,1,Horror
915,34,3,Romance
612,40,2,Comedy
578,56,3,Romance
824,75,2,Comedy
700,99,2,Comedy
257,18,4,Sci-Fi
568,26,3,Drama
313,11,3,Action
581,81,4,Documentary
559,24,4,Romance
802,56,1,Romance
142,68,4,Romance
711,41,5,Horror
958,88,3,Adventure
480,46,4,Sci-Fi
478,54,4,Romance
473,4,5,Sci-Fi
28,99,4,Comedy
91,97,2,Drama
630,39,2,Adventure
595,66,3,Horror
131,80,5,Adventure
922,73,3,Adventure
55,97,4,Drama
129,52,1,Horror
474,98,5,Adventure
472,7,1,Comedy
57,35,1,Horror
342,77,1,Romance
842,38,5,Comedy
494,89,3,Romance
886,8,1,Comedy
759,75,5,Comedy
758,92,1,Documentary
719,27,5,Sci-Fi
148,72,4,Romance
140,29,2,Comedy
309,81,3,Documentary
737,1,4,Comedy
639,89,2,Romance
118,9,1,Adventure
157,78,1,Sci-Fi
533,13,2,Sci-Fi
210,14,4,Sci-Fi
26,65,4,Adventure
401,8,1,Comedy
308,52,4,Horror
189,31,5,Adventure
267,79,4,Documentary
880,85,5,Sci-Fi
127,56,2,Romance
652,3,2,Horror
146,96,2,Drama
175,66,5,Horror
206,61,4,Drama
297,38,1,Comedy
983,76,4,Sci-Fi
377,86,3,Horror
401,50,1,Comedy
476,54,4,Romance
152,4,3,Sci-Fi
469,16,5,Sci-Fi
399,2,5,Action
311,5,5,Sci-Fi
456,6,3,Drama
986,18,4,Sci-Fi
904,93,4,Comedy
284,2,2,Action
367,65,5,Adventure
216,45,5,Action
400,66,1,Horror
179,84,2,Drama
361,84,5,Drama
348,59,2,Horror
286,98,3,Adventure
946,51,1,Adventure
939,83,4,Horror
386,61,5,Drama
675,24,5,Romance
726,65,5,Adventure
266,17,3,Adventure
603,75,3,Comedy
599,80,4,Adventure
70,6,1,Drama
873,94,2,Action
238,13,1,Sci-Fi
512,87,4,Adventure
332,98,2,Adventure
791,94,2,Action
108,23,4,Adventure
774,54,1,Romance
64,79,3,Documentary
118,5,1,Sci-Fi
453,98,3,Adventure
622,81,1,Documentary
946,23,3,Adventure
111,90,4,Sci-Fi
387,18,5,Sci-Fi
570,26,2,Drama
259,63,4,Drama
696,37,2,Documentary
207,95,2,Comedy
445,68,2,Romance
89,75,1,Comedy
645,86,1,Horror
209,5,2,Sci-Fi
915,1,3,Comedy
793,53,5,Documentary
560,10,3,Action
190,88,5,Adventure
509,25,2,Horror
585,61,5,Drama
361,46,5,Sci-Fi
922,72,2,Romance
821,9,4,Adventure
438,81,4,Documentary
895,10,5,Action
81,17,5,Adventure
306,13,1,Sci-Fi
511,30,1,Comedy
616,70,3,Sci-Fi
24,29,3,Comedy
945,33,4,Romance
721,46,1,Sci-Fi
894,21,3,Action
77,69,5,Action
248,67,5,Sci-Fi
513,40,4,Comedy
634,8,5,Comedy
715,15,5,Action
483,34,1,Romance
34,44,4,Comedy
268,26,3,Drama
910,98,1,Adventure
143,27,5,Sci-Fi
837,94,3,Action
947,97,1,Drama
242,64,1,Documentary
825,73,5,Adventure
720,98,1,Adventure
355,10,4,Action
613,95,5,Comedy
952,11,5,Action
491,17,3,Adventure
741,6,1,Drama
37,64,5,Documentary
231,84,3,Drama
442,62,3,Sci-Fi
801,30,1,Comedy
954,8,1,Comedy
793,26,5,Drama
623,49,1,Sci-Fi
566,62,1,Sci-Fi
397,99,4,Comedy
713,17,4,Adventure
719,55,5,Drama
142,15,4,Action
121,79,3,Documentary
361,25,3,Horror
448,8,2,Comedy
238,12,5,Comedy
11,30,4,Comedy
766,97,5,Drama
582,6,1,Drama
895,93,2,Comedy
833,8,1,Comedy
59,17,4,Adventure
185,37,1,Documentary
322,45,5,Action
671,32,3,Comedy
133,78,4,Sci-Fi
491,85,1,Sci-Fi
673,10,1,Action
257,70,2,Sci-Fi
507,91,3,Drama
920,29,4,Comedy
731,39,3,Adventure
799,71,3,Action
890,84,2,Drama
540,35,3,Horror
715,70,5,Sci-Fi
107,7,3,Comedy
923,53,5,Documentary
498,36,1,Action
209,18,5,Sci-Fi
237,40,5,Comedy
216,16,3,Sci-Fi
743,19,1,Documentary
241,90,4,Sci-Fi
666,98,4,Adventure
976,15,1,Action
511,5,3,Sci-Fi
285,76,4,Sci-Fi
308,11,1,Action
286,79,4,Documentary
508,3,4,Horror
394,57,1,Romance
230,27,4,Sci-Fi
189,85,4,Sci-Fi
546,7,3,Comedy
33,70,3,Sci-Fi
960,4,5,Sci-Fi
773,44,3,Comedy
830,97,5,Drama
222,97,1,Drama
350,93,5,Comedy
445,55,1,Drama
827,14,5,Sci-Fi
398,93,3,Comedy
880,69,4,Action
435,74,5,Horror
788,67,3,Sci-Fi
167,49,4,Sci-Fi
764,31,2,Adventure
930,2,3,Action
819,88,3,Adventure
88,32,5,Comedy
303,44,5,Comedy
405,5,5,Sci-Fi
281,47,3,Horror
676,33,5,Romance
13,16,3,Sci-Fi
583,85,3,Sci-Fi
857,34,2,Romance
455,60,1,Comedy
451,2,4,Action
38,46,4,Sci-Fi
654,72,2,Romance
419,8,5,Comedy
962,11,3,Action
919,79,5,Documentary
322,9,4,Adventure
185,34,3,Romance
266,64,2,Documentary
233,81,2,Documentary
151,80,1,Adventure
239,15,1,Action
189,88,5,Adventure
882,57,5,Romance
325,6,5,Drama
735,30,1,Comedy
975,92,3,Documentary
999,33,1,Romance
695,46,5,Sci-Fi
736,6,5,Drama
241,45,1,Action
80,65,4,Adventure
116,66,1,Horror
243,27,3,Sci-Fi
585,48,4,Comedy
74,83,4,Horror
897,37,2,Documentary
26,42,5,Romance
808,47,3,Horror
999,53,3,Documentary
482,38,5,Comedy
32,21,3,Action
46,38,2,Comedy
934,76,1,Sci-Fi
109,78,2,Sci-Fi
828,41,5,Horror
733,100,5,Adventure
803,75,3,Comedy
963,28,4,Romance
851,75,1,Comedy
673,93,2,Comedy
391,98,1,Adventure
979,10,2,Action
579,65,5,Adventure
646,71,4,Action
552,94,1,Action
868,68,1,Romance
622,61,5,Drama
533,57,3,Romance
276,25,5,Horror
301,32,3,Comedy
249,99,3,Comedy
237,59,3,Horror
767,15,2,Action
456,94,4,Action
371,11,3,Action
574,65,1,Adventure
937,47,4,Horror
620,30,4,Comedy
806,54,2,Romance
584,17,5,Adventure
251,100,4,Adventure
691,75,2,Comedy
621,34,3,Romance
350,41,1,Horror
84,53,4,Documentary
518,19,5,Documentary
507,81,2,Documentary
922,24,4,Romance
16,22,1,Drama
429,34,5,Romance
729,61,1,Drama
130,5,4,Sci-Fi
25,89,2,Romance
75,17,5,Adventure
888,68,4,Romance
926,55,3,Drama
131,52,5,Horror
248,92,3,Documentary
122,44,3,Comedy
606,78,5,Sci-Fi
111,93,1,Comedy
76,95,3,Comedy
973,58,4,Sci-Fi
646,58,4,Sci-Fi
297,97,4,Drama
717,18,2,Sci-Fi
742,99,5,Comedy
939,66,1,Horror
156,1,5,Comedy
608,48,4,Comedy
389,42,4,Romance
181,66,5,Horror
287,99,1,Comedy
238,39,4,Adventure
350,7,5,Comedy
531,68,5,Romance
521,55,3,Drama
331,50,3,Comedy
776,23,2,Adventure
43,95,2,Comedy
441,67,3,Sci-Fi
589,79,3,Documentary
102,45,3,Action
170,16,3,Sci-Fi
281,63,4,Drama
230,22,3,Drama
962,34,5,Romance
772,14,2,Sci-Fi
683,36,2,Action
99,27,5,Sci-Fi
859,66,2,Horror
29,77,1,Romance
983,70,5,Sci-Fi
819,25,1,Horror
501,4,3,Sci-Fi
209,37,5,Documentary
437,94,4,Action
534,17,4,Adventure
303,15,1,Action
456,56,4,Romance
270,12,2,Comedy
286,94,1,Action
992,46,1,Sci-Fi
763,29,1,Comedy
335,21,5,Action
344,36,4,Action
646,95,5,Comedy
689,100,1,Adventure
724,89,3,Romance
914,5,4,Sci-Fi
103,91,5,Drama
326,25,5,Horror
677,81,1,Documentary
972,82,1,Drama
252,18,5,Sci-Fi
386,29,2,Comedy
272,61,2,Drama
497,24,4,Romance
290,17,2,Adventure
651,12,5,Comedy
878,93,2,Comedy
4,56,1,Romance
503,72,5,Romance
214,91,2,Drama
40,54,3,Romance
629,49,5,Sci-Fi
241,82,3,Drama
496,68,2,Romance
899,39,2,Adventure
897,38,4,Comedy
502,81,4,Documentary
613,46,5,Sci-Fi
493,38,1,Comedy
225,15,3,Action
430,58,3,Sci-Fi
254,85,4,Sci-Fi
119,23,4,Adventure
980,41,1,Horror
356,90,4,Sci-Fi
722,17,4,Adventure
861,63,5,Drama
422,88,2,Adventure
30,38,3,Comedy
520,28,4,Romance
63,72,3,Romance
268,87,3,Adventure
422,51,4,Adventure
436,52,3,Horror
935,7,3,Comedy
498,94,2,Action
348,82,1,Drama
316,58,4,Sci-Fi
227,74,2,Horror
549,27,1,Sci-Fi
971,79,5,Documentary
338,17,5,Adventure
553,3,1,Horror
822,49,1,Sci-Fi
800,91,3,Drama
935,46,5,Sci-Fi
65,84,1,Drama
532,27,3,Sci-Fi
549,26,2,Drama
859,69,4,Action
881,92,2,Documentary
298,21,3,Action
340,53,2,Documentary
567,94,2,Action
963,2,1,Action
866,3,5,Horror
105,65,4,Adventure
811,63,1,Drama
161,37,3,Documentary
25,30,2,Comedy
35,35,1,Horror
833,49,4,Sci-Fi
135,95,3,Comedy
883,11,1,Action
76,65,4,Adventure
21,2,5,Action
620,20,1,Horror
754,76,4,Sci-Fi
199,78,3,Sci-Fi
804,42,4,Romance
525,96,1,Drama
310,36,4,Action
208,13,3,Sci-Fi
993,84,5,Drama
483,49,3,Sci-Fi
440,12,2,Comedy
991,53,5,Documentary
286,62,3,Sci-Fi
930,90,5,Sci-Fi
519,32,4,Comedy
18,64,4,Documentary
975,48,5,Comedy
732,14,4,Sci-Fi
230,74,1,Horror
407,99,2,Comedy
458,48,4,Comedy
577,14,3,Sci-Fi
341,19,1,Documentary
98,72,2,Romance
213,63,5,Drama
256,11,2,Action
413,79,4,Documentary
536,93,5,Comedy
779,30,1,Comedy
786,64,3,Documentary
422,40,3,Comedy
855,20,1,Horror
330,89,5,Romance
614,53,1,Documentary
275,89,2,Romance
774,72,4,Romance
559,64,3,Documentary
983,84,2,Drama
330,60,4,Comedy
527,72,1,Romance
944,14,4,Sci-Fi
717,10,4,Action
131,97,1,Drama
166,67,1,Sci-Fi
171,26,4,Drama
891,15,1,Action
907,55,4,Drama
175,81,5,Documentary
499,18,5,Sci-Fi
429,52,1,Horror
304,16,4,Sci-Fi
302,93,3,Comedy
536,42,5,Romance
911,48,5,Comedy
666,22,2,Drama
298,67,2,Sci-Fi
823,79,3,Documentary
532,78,3,Sci-Fi
484,60,2,Comedy
959,43,2,Sci-Fi
169,68,4,Romance
11,41,4,Horror
184,20,4,Horror
69,1,3,Comedy
719,25,2,Horror
711,13,5,Sci-Fi
470,43,1,Sci-Fi
63,80,4,Adventure
609,21,1,Action
359,82,5,Drama
905,29,3,Comedy
644,2,2,Action
282,37,4,Documentary
599,94,3,Action
377,80,4,Adventure
957,33,5,Romance
555,83,2,Horror
80,76,2,Sci-Fi
106,94,2,Action
287,23,3,Adventure
578,14,2,Sci-Fi
817,67,5,Sci-Fi
661,99,4,Comedy
339,74,5,Horror
620,36,5,Action
685,61,2,Drama
173,1,2,Comedy
222,12,5,Comedy
151,19,2,Documentary
487,1,3,Comedy
80,7,2,Comedy
524,57,4,Romance
681,61,3,Drama
310,65,1,Adventure
247,72,4,Romance
387,100,4,Adventure
724,61,3,Drama
320,67,3,Sci-Fi
544,11,5,Action
863,28,2,Romance
969,82,3,Drama
729,19,4,Documentary
574,57,4,Romance
712,33,1,Romance
572,56,3,Romance
183,4,3,Sci-Fi
876,60,3,Comedy
746,55,2,Drama
632,72,2,Romance
392,48,2,Comedy
956,96,1,Drama
201,57,3,Romance
539,25,1,Horror
601,40,3,Comedy
97,48,3,Comedy
515,2,5,Action
280,5,3,Sci-Fi
658,62,4,Sci-Fi
45,90,3,Sci-Fi
281,81,1,Documentary
995,74,1,Horror
884,92,4,Documentary
623,81,4,Documentary
503,23,4,Adventure
768,83,5,Horror
827,14,1,Sci-Fi
379,4,5,Sci-Fi
916,92,2,Documentary
723,95,2,Comedy
892,17,1,Adventure
430,16,1,Sci-Fi
455,82,1,Drama
322,13,5,Sci-Fi
285,25,5,Horror
756,3,3,Horror
858,87,3,Adventure
920,91,2,Drama
928,76,3,Sci-Fi
529,2,4,Action
427,86,1,Horror
67,25,5,Horror
152,94,3,Action
86,23,4,Adventure
46,36,5,Action
204,89,5,Romance
420,23,1,Adventure
319,36,5,Action
360,16,3,Sci-Fi
478,73,1,Adventure
580,60,1,Comedy
120,12,2,Comedy
748,12,2,Comedy
326,76,1,Sci-Fi
786,22,1,Drama
223,82,3,Drama
472,11,2,Action
316,88,2,Adventure
766,97,2,Drama
318,7,4,Comedy
723,37,2,Documentary
286,18,5,Sci-Fi
324,53,2,Documentary
856,25,3,Horror
905,26,2,Drama
303,34,4,Romance
271,12,4,Comedy
364,75,3,Comedy
358,99,5,Comedy
461,81,2,Documentary
38,75,4,Comedy
160,69,5,Action
216,90,4,Sci-Fi
356,83,3,Horror
213,44,5,Comedy
565,96,3,Drama
93,66,2,Horror
265,28,4,Romance
268,5,1,Sci-Fi
530,85,2,Sci-Fi
487,18,4,Sci-Fi
601,42,3,Romance
578,49,5,Sci-Fi
923,5,3,Sci-Fi
719,14,3,Sci-Fi
891,2,2,Action
432,61,3,Drama
345,83,1,Horror
192,46,3,Sci-Fi
167,60,5,Comedy
191,97,1,Drama
450,79,4,Documentary
608,74,4,Horror
749,52,4,Horror
855,32,3,Comedy
741,48,5,Comedy
346,62,4,Sci-Fi
308,6,2,Drama
782,65,1,Adventure
432,55,3,Drama
977,74,4,Horror
608,4,2,Sci-Fi
525,22,3,Drama
908,77,5,Romance
204,73,2,Adventure
134,85,3,Sci-Fi
808,7,1,Comedy
317,99,2,Comedy
821,45,4,Action
406,22,4,Drama
1,85,2,Sci-Fi
206,23,3,Adventure
315,11,2,Action
242,27,4,Sci-Fi
93,93,2,Comedy
158,88,5,Adventure
866,100,3,Adventure
6,62,2,Sci-Fi
353,13,4,Sci-Fi
564,88,4,Adventure
716,28,4,Romance
685,49,4,Sci-Fi
724,32,1,Comedy
397,17,3,Adventure
782,18,4,Sci-Fi
792,42,3,Romance
840,87,4,Adventure
612,51,5,Adventure
74,45,4,Action
686,95,5,Comedy
28,29,5,Comedy
183,99,2,Comedy
378,47,3,Horror
514,1,5,Comedy
614,97,4,Drama
937,10,2,Action
142,64,2,Documentary
46,28,3,Romance
446,12,3,Comedy
394,84,2,Drama
436,20,3,Horror
319,50,4,Comedy
36,34,4,Romance
184,21,4,Action
699,67,1,Sci-Fi
477,11,3,Action
703,94,1,Action
672,52,1,Horror
165,41,2,Horror
589,65,4,Adventure
703,59,1,Horror
498,84,4,Drama
433,99,1,Comedy
311,55,3,Drama
760,82,1,Drama
619,58,5,Sci-Fi
382,100,4,Adventure
730,43,5,Sci-Fi
996,47,1,Horror
805,23,4,Adventure
545,98,4,Adventure
892,87,1,Adventure
154,1,3,Comedy
971,91,5,Drama
265,26,5,Drama
833,79,4,Documentary
446,7,4,Comedy
289,6,1,Drama
889,63,4,Drama
376,7,5,Comedy
703,48,3,Comedy
436,44,3,Comedy
786,4,5,Sci-Fi
274,23,3,Adventure
366,54,1,Romance
458,42,3,Romance
652,5,5,Sci-Fi
115,46,1,Sci-Fi
545,95,4,Comedy
255,23,1,Adventure
548,13,2,Sci-Fi
745,19,4,Documentary
442,36,3,Action
996,59,5,Horror
250,94,5,Action
583,59,1,Horror
79,42,3,Romance
40,19,5,Documentary
742,82,1,Drama
392,66,1,Horror
346,82,3,Drama
433,52,1,Horror
189,96,3,Drama
739,84,1,Drama
857,56,1,Romance
813,25,5,Horror
268,39,5,Adventure
527,70,2,Sci-Fi
711,7,3,Comedy
588,61,2,Drama
779,56,3,Romance
765,89,2,Romance
284,65,1,Adventure
620,52,2,Horror
695,37,3,Documentary
6,53,2,Documentary
20,54,2,Romance
282,35,4,Horror
614,82,3,Drama
100,29,2,Comedy
19,91,3,Drama
227,9,5,Adventure
295,94,5,Action
847,59,5,Horror
431,82,5,Drama
337,70,4,Sci-Fi
488,72,1,Romance
352,44,3,Comedy
355,57,2,Romance
474,96,4,Drama
216,69,2,Action
690,50,3,Comedy
413,5,5,Sci-Fi
991,11,4,Action
575,45,1,Action
213,96,5,Drama
379,39,3,Adventure
769,41,4,Horror
691,60,1,Comedy
160,80,5,Adventure
171,80,3,Adventure
579,56,4,Romance
784,3,3,Horror
570,96,4,Drama
241,49,5,Sci-Fi
135,49,5,Sci-Fi
972,16,1,Sci-Fi
406,28,2,Romance
114,74,3,Horror
183,21,4,Action
564,53,3,Documentary
770,28,4,Romance
923,77,3,Romance
328,99,3,Comedy
646,14,3,Sci-Fi
515,69,5,Action
402,29,4,Comedy
507,97,4,Drama
294,58,2,Sci-Fi
947,23,4,Adventure
296,1,5,Comedy
850,43,4,Sci-Fi
672,23,1,Adventure
393,75,4,Comedy
998,54,4,Romance
194,82,1,Drama
634,29,2,Comedy
625,80,5,Adventure
83,77,5,Romance
750,53,1,Documentary
333,79,2,Documentary
171,73,4,Adventure
701,12,3,Comedy
24,96,5,Drama
905,84,4,Drama
566,66,2,Horror
871,21,4,Action
378,93,2,Comedy
180,61,2,Drama
331,17,3,Adventure
67,4,2,Sci-Fi
592,60,4,Comedy
251,88,5,Adventure
455,31,2,Adventure
997,60,5,Comedy
657,15,5,Action
858,43,2,Sci-Fi
251,60,1,Comedy
8,96,1,Drama
699,87,4,Adventure
888,67,4,Sci-Fi
883,50,1,Comedy
802,54,3,Romance
905,92,5,Documentary
124,92,5,Documentary
663,69,1,Action
450,62,1,Sci-Fi
300,51,1,Adventure
373,52,5,Horror
645,84,4,Drama
439,16,1,Sci-Fi
150,34,5,Romance
772,15,2,Action
376,53,3,Documentary
146,32,4,Comedy
216,34,1,Romance
338,83,1,Horror
470,91,4,Drama
771,32,3,Comedy
351,38,4,Comedy
339,58,3,Sci-Fi
582,36,5,Action
37,98,2,Adventure
152,67,3,Sci-Fi
27,29,3,Comedy
578,47,3,Horror
315,92,2,Documentary
582,82,3,Drama
487,92,4,Documentary
690,38,2,Comedy
762,89,2,Romance
151,78,3,Sci-Fi
880,50,3,Comedy
653,30,1,Comedy
872,28,5,Romance
311,19,5,Documentary
13,34,3,Romance
739,66,5,Horror
416,62,5,Sci-Fi
922,22,3,Drama
660,20,5,Horror
874,65,3,Adventure
536,48,4,Comedy
887,63,2,Drama
892,68,4,Romance
180,62,4,Sci-Fi
15,86,1,Horror
351,29,3,Comedy
212,29,2,Comedy
285,78,1,Sci-Fi
666,26,3,Drama
511,59,5,Horror
935,82,1,Drama
861,96,5,Drama
920,30,2,Comedy
373,86,1,Horror
409,81,1,Documentary
975,43,5,Sci-Fi
69,35,5,Horror
985,69,5,Action
894,11,1,Action
458,73,5,Adventure
254,32,3,Comedy
817,95,2,Comedy
707,84,2,Drama
234,89,4,Romance
182,6,5,Drama
273,71,3,Action
94,96,2,Drama
751,9,2,Adventure
536,39,1,Adventure
213,30,2,Comedy
600,98,5,Adventure
489,60,1,Comedy
550,7,3,Comedy
809,82,1,Drama
202,62,1,Sci-Fi
453,11,4,Action
203,13,5,Sci-Fi
604,28,5,Romance
499,39,5,Adventure
10,75,4,Comedy
882,15,4,Action
797,83,2,Horror
604,82,5,Drama
774,59,1,Horror
258,97,4,Drama
616,35,4,Horror
647,23,3,Adventure
520,62,5,Sci-Fi
291,83,3,Horror
271,69,2,Action
350,36,5,Action
516,40,4,Comedy
115,97,2,Drama
500,1,3,Comedy
915,66,4,Horror
508,21,2,Action
68,98,4,Adventure
690,39,1,Adventure
948,57,3,Romance
654,88,5,Adventure
843,24,2,Romance
798,14,2,Sci-Fi
219,40,5,Comedy
313,41,5,Horror
484,14,3,Sci-Fi
950,79,2,Documentary
585,87,2,Adventure
332,21,2,Action
785,51,2,Adventure
873,21,5,Action
679,21,3,Action
980,67,4,Sci-Fi
670,77,4,Romance
799,93,3,Comedy
235,34,4,Romance
957,39,3,Adventure
149,40,3,Comedy
745,46,3,Sci-Fi
461,40,4,Comedy
577,51,4,Adventure
6,98,4,Adventure
57,53,3,Documentary
